customer_id,customer_name,email,registration_date,customer_type
CUST00001,Allison Hill,donaldgarcia@example.net,2025-10-22,REGULAR
CUST00002,Javier Johnson,jesseguzman@example.net,2024-05-01,REGULAR
CUST00003,Meredith Barnes,zlawrence@example.org,2024-03-02,PREMIUM
CUST00004,Gina Moore,curtis61@example.com,2024-12-13,REGULAR
CUST00005,Renee Blair,dudleynicholas@example.net,2024-09-25,REGULAR
CUST00006,Lisa Hensley,janetwilliams@example.org,2024-09-19,REGULAR
CUST00007,Dr. Sharon James,xreid@example.org,2025-01-23,REGULAR
CUST00008,Michael Miles,lynchgeorge@example.net,2024-07-12,REGULAR
CUST00009,James Mayo,gabriellecameron@example.org,2024-06-17,REGULAR
CUST00010,Renee Morales,clarksherri@example.net,2024-10-28,REGULAR
CUST00011,Jonathan Wilkerson,ithomas@example.org,2025-11-16,PREMIUM
CUST00012,Nicole Patterson,icox@example.net,2025-08-02,REGULAR
CUST00013,Anthony Rodriguez,laurahenderson@example.org,2025-02-14,REGULAR
CUST00014,Zachary Rice,frazierdanny@example.net,2024-08-15,REGULAR
CUST00015,Gina Carter,shawnmckay@example.net,2024-08-10,PREMIUM
CUST00016,Pamela Romero,harrellkenneth@example.net,2025-08-24,PREMIUM
CUST00017,Brittany Farmer,georgetracy@example.org,2025-01-11,VIP
CUST00018,Sandra Parker,allenashley@example.org,2023-11-08,REGULAR
CUST00019,Rose Spence,davidalvarez@example.net,2024-03-10,PREMIUM
CUST00020,Shane Henderson,sarahcampos@example.net,2024-05-05,REGULAR
CUST00021,Jennifer Powers,samuel87@example.org,2024-07-17,REGULAR
CUST00022,George Chapman,briannasmith@example.net,2026-03-04,REGULAR
CUST00023,Austin Johnson,chad34@example.net,2025-07-21,REGULAR
CUST00024,Carlos Walls,esanchez@example.com,2024-04-18,REGULAR
CUST00025,Matthew Gomez,uowens@example.org,2026-05-09,REGULAR
CUST00026,Maria Brown,lauren13@example.org,2024-04-18,REGULAR
CUST00027,Brenda White,ewright@example.com,2025-10-29,VIP
CUST00028,Matthew Fernandez,novaksara@example.org,2024-03-12,PREMIUM
CUST00029,John Hancock,martinaaron@example.com,2024-08-12,PREMIUM
CUST00030,Rachel Mitchell,smoore@example.org,2023-09-26,REGULAR
CUST00031,Kimberly Adkins,williamsthomas@example.net,2024-02-27,PREMIUM
CUST00032,Jordan York,larsonemma@example.org,2025-03-16,PREMIUM
CUST00033,Steve Sanchez,harveyrobert@example.net,2025-11-22,PREMIUM
CUST00034,Taylor Harris,john62@example.net,2026-03-26,REGULAR
CUST00035,Eugene Walton,smithchristine@example.net,2023-11-30,REGULAR
CUST00036,Daniel Baker,nicole35@example.com,2024-02-28,VIP
CUST00037,Joshua Turner,contrerasangela@example.net,2023-12-05,REGULAR
CUST00038,Brandy Wilson,newtoneric@example.com,2026-01-22,REGULAR
CUST00039,Grant Watts,william40@example.org,2026-03-09,REGULAR
CUST00040,Donald Smith,danagreen@example.net,2025-05-14,REGULAR
CUST00041,Jessica Smith,landryhannah@example.org,2025-10-22,REGULAR
CUST00042,Jacob Tran,tanderson@example.com,2023-08-28,PREMIUM
CUST00043,Christine Wright,gomezanita@example.com,2026-02-16,REGULAR
CUST00044,Tammy Young,theresacochran@example.com,2023-08-05,REGULAR
CUST00045,Tim Patton,vpham@example.org,2024-08-15,REGULAR
CUST00046,Michael Reyes,garrisonjeffrey@example.com,2024-12-22,PREMIUM
CUST00047,Robert Perez,kellerraymond@example.com,2023-10-13,REGULAR
CUST00048,Diana May,ifrazier@example.com,2023-08-09,REGULAR
CUST00049,Wesley White,benjamin96@example.com,2024-10-27,REGULAR
CUST00050,William Wilson,jonathanfletcher@example.org,2025-09-12,PREMIUM
CUST00051,Kimberly Ball,michaeljonesexample.com,2026-04-24,PREMIUM
CUST00052,Lisa Alvarado,cortezkevin@example.com,2026-04-28,REGULAR
CUST00053,James Phillips,jamesortega@example.com,2026-05-15,REGULAR
CUST00054,Carrie Carroll,akelley@example.com,2024-09-15,REGULAR
CUST00055,Richard Lawson,steven73@example.net,2025-07-02,PREMIUM
CUST00056,Toni Fitzgerald,campbellelizabeth@example.net,2024-11-29,REGULAR
CUST00057,Trevor Young,jeffrey32@example.org,2023-09-07,VIP
CUST00058,John Atkinson,gibsonolivia@example.net,2024-04-25,REGULAR
CUST00059,Janet Ross,dianasmith@example.org,2025-04-18,PREMIUM
CUST00060,Robert Dominguez,pwilliams@example.org,2025-06-06,PREMIUM
CUST00061,John Schmidt,stephanie79@example.net,2025-08-20,PREMIUM
CUST00062,Terry Griffin,juliawells@example.com,2024-07-16,REGULAR
CUST00063,Destiny Strickland,rsims@example.com,2023-10-26,REGULAR
CUST00064,Cynthia Rogers,taylorjesse@example.net,2024-02-20,PREMIUM
CUST00065,Amy Russell,nperry@example.com,2025-02-22,REGULAR
CUST00066,Lauren Dominguez,wwoods@example.com,2025-02-22,PREMIUM
CUST00067,Tiffany Barnes,tracynelson@example.com,2023-08-12,REGULAR
CUST00068,Michael Yates,marycalhoun@example.net,2025-10-04,REGULAR
CUST00069,James Elliott,millerroy@example.com,2024-04-05,PREMIUM
CUST00070,James Lewis,matthew64@example.com,2024-07-23,REGULAR
CUST00071,Julie Curry,cookemichael@example.net,2023-10-12,REGULAR
CUST00072,Marissa Webster,jamessmith@example.org,2024-07-02,REGULAR
CUST00073,Michael Elliott,stevenscott@example.com,2024-03-14,REGULAR
CUST00074,Tracey Higgins,tamirodriguez@example.org,2024-10-24,REGULAR
CUST00075,Susan Brooks,charlesvaughn@example.net,2024-07-09,VIP
CUST00076,Raymond Jefferson,hoganashlee@example.org,2024-12-18,REGULAR
CUST00077,Mary Jones,alexander67@example.org,2025-05-01,REGULAR
CUST00078,Madison Poole,ryangross@example.net,2024-08-20,REGULAR
CUST00079,Tamara Hampton,ugraham@example.net,2024-08-17,REGULAR
CUST00080,David Michael,nicole37@example.net,2026-01-31,REGULAR
CUST00081,Gabrielle Snyder,hunter35@example.com,2024-12-07,REGULAR
CUST00082,Kyle Beard,blackjames@example.org,2025-03-20,PREMIUM
CUST00083,Peter Vaughn DDS,bwest@example.org,2024-09-27,REGULAR
CUST00084,Michael Torres,thomas85@example.com,2025-10-29,REGULAR
CUST00085,Michael Nelson,jerry35@example.org,2025-10-07,VIP
CUST00086,Melissa Lee,lhill@example.net,2026-01-10,REGULAR
CUST00087,Brian Lee,michaelturner@example.net,2025-10-04,PREMIUM
CUST00088,Angel Brown,heidi27@example.org,2023-07-17,REGULAR
CUST00089,Julie Alexander,tammyking@example.com,2023-12-22,REGULAR
CUST00090,Jennifer Jones,hernandezlisa@example.com,2023-11-07,PREMIUM
CUST00091,Bailey Duran DDS,kimberlyjames@example.com,2024-10-01,VIP
CUST00092,Wanda Torres,lynchjody@example.org,2026-02-23,REGULAR
CUST00093,Matthew Moore,andreamoore@example.com,2025-05-27,PREMIUM
CUST00094,Julie Johnson,jasmine71@example.net,2024-06-24,REGULAR
CUST00095,Rachel Weber,ronaldstephens@example.net,2024-02-14,REGULAR
CUST00096,Samantha Jones,lauralarson@example.net,2024-09-18,REGULAR
CUST00097,John Torres,gbender@example.net,2025-08-03,REGULAR
CUST00098,Kyle Preston,cassandra01@example.org,2026-05-10,REGULAR
CUST00099,Laura Sampson,barbara27@example.net,2026-04-05,VIP
CUST00100,Donald Shea,fwalters@example.org,2025-06-27,VIP
CUST00101,Gary Santiago,marksteele@example.com,2026-04-22,PREMIUM
CUST00102,Robin Pierce,qmiller@example.com,2023-12-25,REGULAR
CUST00103,Jennifer Robertson,sandovalamy@example.com,2023-09-20,REGULAR
CUST00104,Isaiah Avila,nwolf@example.com,2025-10-28,REGULAR
CUST00105,Dwayne Gilmore,omartinez@example.net,2024-07-03,REGULAR
CUST00106,Emily Smith,hdavis@example.com,2023-12-27,REGULAR
CUST00107,Brittany Cantu,william46@example.com,2025-06-30,VIP
CUST00108,Juan Reyes,michellehill@example.com,2024-12-06,REGULAR
CUST00109,Katie Hoover,jessica99@example.net,2025-07-27,REGULAR
CUST00110,Jill Washington,andrea86@example.com,2024-11-08,VIP
CUST00111,Veronica Allen,xhall@example.com,2023-09-03,REGULAR
CUST00112,John Mcintyre,qhughes@example.net,2024-02-19,REGULAR
CUST00113,Andrew Shaw MD,sawyerscott@example.net,2025-06-06,REGULAR
CUST00114,Charles Pitts,charlesharrington@example.com,2024-12-04,REGULAR
CUST00115,Jennifer Miller,melissa86@example.com,2026-02-25,REGULAR
CUST00116,Olivia Brennan,williamsonjimmy@example.net,2024-09-16,REGULAR
CUST00117,Nicole Hamilton MD,wallaceheather@example.org,2023-09-07,REGULAR
CUST00118,Anthony Howard,hthomas@example.com,2025-11-23,PREMIUM
CUST00119,Catherine Thompson,pharvey@example.com,2025-12-19,REGULAR
CUST00120,Joel King,elizabeth74@example.net,2025-10-24,REGULAR
CUST00121,Jeremy Reed,danielle64@example.com,2024-10-09,REGULAR
CUST00122,James Webb,patrickhoward@example.com,2026-06-18,REGULAR
CUST00123,William Barrett,alan09@example.net,2025-08-07,REGULAR
CUST00124,Stephanie Parsons,catherinegomez@example.net,2024-04-18,PREMIUM
CUST00125,Megan Le,courtneyberger@example.net,2023-08-28,REGULAR
CUST00126,Jeremiah Riley,christopherphillips@example.net,2025-04-03,REGULAR
CUST00127,Carlos Ryan,alyssa42@example.com,2025-07-15,VIP
CUST00128,Elizabeth Harrell,mcdonaldcharles@example.org,2026-05-13,REGULAR
CUST00129,Veronica Coffey,christopher60@example.com,2025-10-08,REGULAR
CUST00130,Jacob Curry,brenda51@example.net,2024-06-25,PREMIUM
CUST00131,Manuel Hahn,rose31@example.net,2025-06-18,REGULAR
CUST00132,Elizabeth Ortiz,brandonjohnson@example.com,2023-12-25,PREMIUM
CUST00133,Stephen Taylor,vwatson@example.net,2025-10-14,PREMIUM
CUST00134,Patrick Moore,fpena@example.net,2025-03-22,PREMIUM
CUST00135,Diana Vaughn,scottsampson@examplecom,2025-01-11,VIP
CUST00136,Michael Stephens,bruce43@example.org,2025-06-03,PREMIUM
CUST00137,Daniel Fowler,williamsmatthew@example.org,2025-11-21,PREMIUM
CUST00138,Ronald Spencer,lisahall@example.org,2026-01-08,REGULAR
CUST00139,Scott Thomas,amberlindsey@example.org,2026-04-19,REGULAR
CUST00140,Bonnie Howard,briannasmith@example.com,2023-09-17,PREMIUM
CUST00141,Jason Wilson,alvarezkimberly@example.net,2026-01-05,REGULAR
CUST00142,Jonathan Dougherty,acostaregina@example.net,2025-09-15,VIP
CUST00143,Mason Johnson,bboone@example.net,2023-12-12,PREMIUM
CUST00144,Theodore Jones Jr.,cameronhill@example.net,2025-12-23,REGULAR
CUST00145,Erika Vang,shawn96@example.org,2026-06-22,REGULAR
CUST00146,Matthew Rich,russellbeasley@example.com,2024-12-05,REGULAR
CUST00147,Jennifer Blair,ronald45@example.org,2026-05-29,PREMIUM
CUST00148,Andrea Decker,reynoldsjulie@example.com,2024-01-16,REGULAR
CUST00149,Laurie Hoffman,elizabeth65@example.net,2025-04-15,PREMIUM
CUST00150,Michelle Schmitt,michael98@example.org,2024-02-23,REGULAR
CUST00151,Courtney Rodriguez,danny49@example.org,2025-04-24,REGULAR
CUST00152,Vanessa Cardenas,lynchdiane@example.net,2024-08-16,REGULAR
CUST00153,Donald Farmer,michael22@example.net,2026-04-14,VIP
CUST00154,Charles Schultz,davisalyssa@example.com,2025-04-10,REGULAR
CUST00155,Christopher Collins,kimberly99@example.org,2023-09-17,PREMIUM
CUST00156,Paul Williams,nelsonebony@example.com,2026-01-26,REGULAR
CUST00157,Donald Fischer,reeddaniel@example.net,2026-05-16,PREMIUM
CUST00158,Kelsey Parker,randallgreene@example.org,2024-05-10,PREMIUM
CUST00159,Daniel Taylor,keith10@example.com,2025-04-26,REGULAR
CUST00160,James Padilla,charles06@example.org,2025-06-11,PREMIUM
CUST00161,Shannon Johnston,amckinney@example.com,2023-12-23,REGULAR
CUST00162,Vincent Jackson,xcollier@example.org,2025-05-06,VIP
CUST00163,Dana Chapman,fosterkyle@example.com,2024-06-06,REGULAR
CUST00164,Christopher Dixon,schmidtjames@example.com,2024-12-24,PREMIUM
CUST00165,Sabrina Briggs,curtisscott@example.org,2026-01-18,REGULAR
CUST00166,Peter Jones,kmarshall@example.net,2025-05-25,REGULAR
CUST00167,Sonia Day,michelle52@example.com,2023-10-12,REGULAR
CUST00168,Mark Hogan,bellcharles@example.com,2025-05-30,VIP
CUST00169,Jacob Mitchell,gilbertwilliam@example.com,2025-12-15,PREMIUM
CUST00170,Rebecca Huang,kstout@example.net,2024-04-15,REGULAR
CUST00171,John Hernandez,hayeslisa@example.com,2023-11-06,REGULAR
CUST00172,Carrie Wright,hritter@example.net,2026-01-30,REGULAR
CUST00173,Jake Campbell,rschroeder@example.net,2023-09-17,REGULAR
CUST00174,Maria Jones,grantpaul@example.com,2026-04-12,PREMIUM
CUST00175,Lindsey Hernandez,aguilardonald@example.com,2024-10-21,REGULAR
CUST00176,Melissa Myers,collinsnicholas@example.com,2024-01-12,PREMIUM
CUST00177,Sandra Rodgers,lucasrodney@example.com,2023-07-26,REGULAR
CUST00178,Christopher Lewis,ilee@example.org,2023-10-25,REGULAR
CUST00179,Richard Romero,stanleynancy@example.net,2024-01-17,REGULAR
CUST00180,Brittany White,jenniferwilliams@example.com,2026-05-13,REGULAR
CUST00181,Tracy Bishop,pyoung@example.com,2025-06-25,REGULAR
CUST00182,Cheyenne Gregory,smurray@example.com,2025-08-17,REGULAR
CUST00183,Tracy Montoya,moniquewilliams@example.com,2025-01-24,REGULAR
CUST00184,Ashley Singleton,mitchellkathryn@example.com,2025-05-25,PREMIUM
CUST00185,Brittany Kim,lisawilkerson@example.org,2025-04-02,VIP
CUST00186,Jonathan Young,brooksanthony@example.org,2026-04-02,REGULAR
CUST00187,Charles Johnson,ihorton@example.net,2025-06-25,VIP
CUST00188,Aaron Miller,jason28@example.net,2026-01-28,PREMIUM
CUST00189,Ashley Roberts,david36@example.net,2026-02-19,REGULAR
CUST00190,Brian Stein,chenbailey@example.net,2024-02-06,REGULAR
CUST00191,Aaron Gomez,qlopez@example.org,2025-09-18,REGULAR
CUST00192,Andrea Fox,myerstheodore@example.net,2025-02-17,REGULAR
CUST00193,Mrs. Alexis Kramer,john19@example.net,2024-11-25,PREMIUM
CUST00194,Harold Morgan,mariacohen@example.net,2025-07-10,PREMIUM
CUST00195,Robin Brown,mjohnson@example.org,2024-05-02,REGULAR
CUST00196,Emily Collins,ihays@example.com,2024-07-25,PREMIUM
CUST00197,Matthew Mitchell,glennmartin@example.org,2025-01-19,REGULAR
CUST00198,James Gonzales,lmorgan@example.com,2026-06-07,PREMIUM
CUST00199,Tim Stone PhD,mmiller@example.org,2025-10-22,REGULAR
CUST00200,Brian Murphy,kirk96@example.org,2026-06-03,REGULAR
CUST00201,Jeremy Acosta,christina64@example.net,2023-09-25,VIP
CUST00202,Mark Cox,stephaniethomas@example.net,2026-05-16,PREMIUM
CUST00203,Amanda Jones,michael90@example.net,2024-02-21,PREMIUM
CUST00204,Tiffany Watson,berryalyssa@example.com,2024-10-28,REGULAR
CUST00205,Danielle Wilson,victorhughes@example.net,2023-12-27,REGULAR
CUST00206,David Griffin,heather73@example.org,2024-01-24,PREMIUM
CUST00207,Jodi Roach,zosborn@example.net,2024-11-05,REGULAR
CUST00208,Michelle Pierce,patricia22@example.com,2025-08-26,PREMIUM
CUST00209,William Conner,kristyjohnson@example.net,2025-12-03,REGULAR
CUST00210,Robert Arnold,jonesraymond@example.net,2025-07-10,REGULAR
CUST00211,Patricia Morrow,martinezlogan@example.org,2025-05-27,REGULAR
CUST00212,Joseph Anderson,katrinaanderson@example.net,2023-09-22,REGULAR
CUST00213,Kelly Torres,marcusfletcher@example.com,2025-09-11,PREMIUM
CUST00214,Sarah King,david49@example.net,2023-11-20,PREMIUM
CUST00215,Caroline David,georgeweber@example.net,2024-12-03,REGULAR
CUST00216,Kristy Bryan,millerstacy@example.net,2024-08-12,PREMIUM
CUST00217,Pamela Butler,jimenezcourtney@example.com,2026-03-21,REGULAR
CUST00218,Karen Ballard,eevans@example.net,2023-09-29,REGULAR
CUST00219,Jason Marshall,catherine55@example.net,2024-12-15,REGULAR
CUST00220,Bianca Wood,floressteven@example.com,2025-05-26,REGULAR
CUST00221,Brent Roberts,alin@example.org,2024-03-02,PREMIUM
CUST00222,Taylor Griffith,kathrynjimenez@example.net,2025-06-22,PREMIUM
CUST00223,Mr. Alexander Landry MD,jasongomez@example.org,2024-09-07,REGULAR
CUST00224,Stephen Pena MD,booneryan@example.com,2025-01-16,REGULAR
CUST00225,Holly Morales,michaelroberts@example.com,2025-08-19,PREMIUM
CUST00226,Joshua Bryan,andersoncolin@example.com,2024-12-05,PREMIUM
CUST00227,Holly Thomas,cporter@example.org,2024-01-26,REGULAR
CUST00228,Regina Stone,catherinerobertson@example.com,2026-02-04,REGULAR
CUST00229,James Jensen,brittney88@example.net,2025-07-27,REGULAR
CUST00230,Elizabeth Cabrera,mark16@example.net,2024-10-17,REGULAR
CUST00231,Molly Watts,carlsonjoseph@example.net,2025-12-12,PREMIUM
CUST00232,Mikayla Silva,alexandriagriffith@example.com,2024-02-12,REGULAR
CUST00233,Dana Armstrong,leescott@example.com,2024-02-18,REGULAR
CUST00234,Damon Shaw,vsalas@example.net,2023-10-02,REGULAR
CUST00235,Kelly Hoffman,ufox@example.org,2025-06-11,REGULAR
CUST00236,Gloria Gomez,chelsea33@example.com,2025-11-10,PREMIUM
CUST00237,Todd Hendrix,janet75@example.com,2024-12-20,PREMIUM
CUST00238,Taylor Griffith,david86@example.com,2024-12-15,REGULAR
CUST00239,Regina Roberts,stephanie15@example.com,2026-04-12,REGULAR
CUST00240,John Harris,sarah42@example.org,2026-02-08,VIP
CUST00241,Cynthia Williams,danawilliams@example.com,2024-11-22,REGULAR
CUST00242,Ashlee Townsend,oconnelltiffany@example.org,2025-03-21,PREMIUM
CUST00243,Shirley Alvarez,katelynmitchell@example.com,2026-03-27,PREMIUM
CUST00244,Randy Pearson,amandasharp@example.org,2024-03-25,PREMIUM
CUST00245,Ryan Peck,osbornrandy@example.com,2024-04-12,REGULAR
CUST00246,Tonya Howe,smithashley@example.org,2024-11-29,REGULAR
CUST00247,William Daniels,ismall@example.net,2025-06-24,PREMIUM
CUST00248,Robert Rivera,twong@example.org,2023-07-19,PREMIUM
CUST00249,Rachel Bradley,gregorychase@example.com,2025-04-22,VIP
CUST00250,Angie Caldwell,tinawoods@example.org,2023-07-08,VIP
CUST00251,David Molina,kevin90@example.com,2026-04-08,PREMIUM
CUST00252,David Contreras,zparker@example.net,2025-08-16,REGULAR
CUST00253,Stacy Carrillo,fowlershelia@example.com,2026-02-06,REGULAR
CUST00254,Tyler Mendoza,madkins@example.com,2025-04-03,REGULAR
CUST00255,Susan Todd,kathleenbecker@example.net,2023-11-02,REGULAR
CUST00256,Kelsey Cox,brownamy@example.net,2024-05-07,REGULAR
CUST00257,Brittany Murphy,nwilson@example.net,2025-12-19,REGULAR
CUST00258,Steven Griffin Jr.,williambryant@example.org,2025-11-12,REGULAR
CUST00259,Robert Cummings,ascott@example.net,2024-05-31,REGULAR
CUST00260,Amber Cooper,weaverbrian@example.org,2025-06-30,REGULAR
CUST00261,Jason Mack,ybrooks@example.com,2025-02-03,VIP
CUST00262,Michael Stanley,desireebailey@example.org,2025-10-09,REGULAR
CUST00263,Cameron Irwin,avilatiffany@example.com,2026-05-09,PREMIUM
CUST00264,Jessica Gray,johnreed@example.com,2024-04-15,REGULAR
CUST00265,Molly Rodriguez,bmendez@example.org,2024-05-13,REGULAR
CUST00266,Kirk Griffin,sanchezbradley@example.com,2024-06-26,REGULAR
CUST00267,Nicole Parsons,williamroberts@example.net,2025-12-08,REGULAR
CUST00268,Kyle Chambers,joel28@example.org,2025-03-31,VIP
CUST00269,Antonio Fry,conniesimmons@example.com,2023-09-08,PREMIUM
CUST00270,Teresa Powers,heather62@example.com,2025-02-01,REGULAR
CUST00271,Joshua Allen,kevinzimmerman@example.com,2023-09-25,VIP
CUST00272,Tracy Grant,paulscott@example.com,2026-03-28,VIP
CUST00273,Jerry Watson,brettbennett@example.net,2026-01-19,VIP
CUST00274,Benjamin Ballard,timothybooth@example.com,2024-10-10,REGULAR
CUST00275,Alexis Giles,burgesskaren@example.org,2026-06-12,REGULAR
CUST00276,Christine Herman,kimberly67@example.net,2026-03-31,REGULAR
CUST00277,Dennis Hunt,zowens@example.net,2025-06-26,PREMIUM
CUST00278,Erica Harris,robert93@example.net,2024-02-09,REGULAR
CUST00279,Juan Silva,mphillips@example.com,2024-06-19,REGULAR
CUST00280,Roy Porter,jonathan77@example.com,2024-03-15,REGULAR
CUST00281,Heather Taylor,iwhite@example.net,2023-09-27,REGULAR
CUST00282,Sara Jones,duranrobert@example.net,2024-06-21,REGULAR
CUST00283,Chris Robinson,nbrooks@example.net,2026-04-28,REGULAR
CUST00284,Susan Hopkins,smithandrea@example.org,2023-07-23,REGULAR
CUST00285,Denise Madden,shawheidi@example.com,2024-04-01,REGULAR
CUST00286,Brent Hernandez,christineking@example.com,2024-08-16,PREMIUM
CUST00287,Angela Chung,scunningham@example.org,2024-10-05,VIP
CUST00288,Sarah Valdez,davisnicholas@example.net,2025-07-06,REGULAR
CUST00289,Adam Jackson,pbruce@example.com,2025-11-23,REGULAR
CUST00290,Valerie Jacobson,hallrachel@example.net,2025-11-24,REGULAR
CUST00291,Anthony Jones,rachel90@example.org,2024-10-28,REGULAR
CUST00292,Daniel Thomas,thickman@example.org,2025-11-20,PREMIUM
CUST00293,Ruben Price,patrick21@example.net,2024-12-16,PREMIUM
CUST00294,Jeffrey Roberson,cassie99@example.com,2024-11-16,REGULAR
CUST00295,Donald Riddle,jperez@example.com,2025-04-28,REGULAR
CUST00296,Kevin James,lauren11@example.com,2024-02-22,REGULAR
CUST00297,Richard Moore,gstewart@example.org,2023-07-06,REGULAR
CUST00298,Jill Juarez,andersonjacob@example.com,2025-11-09,REGULAR
CUST00299,Jennifer Johnson,angela99@example.com,2025-02-15,REGULAR
CUST00300,Jason Maxwell,ashleyjackson@example.com,2024-03-17,REGULAR
CUST00301,Eric Snyder,jacksonjoshua@example.com,2025-07-19,REGULAR
CUST00302,Heather Raymond,mwheeler@example.com,2023-12-11,PREMIUM
CUST00303,Adam Foster,vbrock@example.com,2024-11-28,REGULAR
CUST00304,Rodney Curtis,kevinmorrison@example.net,2024-05-05,REGULAR
CUST00305,Christopher Sanders,kelly79@example.org,2024-11-15,PREMIUM
CUST00306,Robert Long,frederickjames@example.net,2024-04-02,REGULAR
CUST00307,Krista Benton,nhahn@example.com,2024-09-22,VIP
CUST00308,Andrea Abbott,ichambers@example.net,2024-10-10,REGULAR
CUST00309,Matthew Espinoza,mjones@example.com,2025-12-18,REGULAR
CUST00310,Jonathon Knapp,ystephens@example.com,2026-06-21,PREMIUM
CUST00311,Kimberly Little,rodriguezjohn@example.net,2024-12-30,PREMIUM
CUST00312,Lonnie Hart,vrasmussen@example.com,2023-12-09,PREMIUM
CUST00313,David Dixon,seanmyers@example.net,2025-12-28,PREMIUM
CUST00314,Brittany Cuevas,agarcia@example.org,2023-12-25,REGULAR
CUST00315,Monica Bailey,stanley38@example.com,2024-12-20,REGULAR
CUST00316,Jeffrey Horton,carlos01@example.org,2024-12-11,PREMIUM
CUST00317,Megan Martin,zacharyarnold@example.com,2025-11-13,REGULAR
CUST00318,Joel Salinas,jacobsandoval@example.com,2023-08-12,PREMIUM
CUST00319,Sonya Cole,tprice@example.org,2024-05-12,REGULAR
CUST00320,Michael Flynn,lloydamanda@example.com,2024-11-15,REGULAR
CUST00321,Brian Lambert,orose@example.com,2026-01-10,PREMIUM
CUST00322,James Wilson,megan92@example.net,2024-10-02,REGULAR
CUST00323,Leslie Powers,david41@examplecom,2024-04-07,REGULAR
CUST00324,Charles Price,baileyhenderson@example.com,2026-03-11,REGULAR
CUST00325,Tamara Arias,angelaburns@example.org,2024-04-13,VIP
CUST00326,Jerry Brown,stephanie72@example.org,2025-02-13,PREMIUM
CUST00327,Kathy Simpson,cperry@example.com,2024-03-13,REGULAR
CUST00328,Andre Juarez,antonio38@example.com,2024-03-15,REGULAR
CUST00329,Krystal Barton,hdunn@example.net,2023-12-22,REGULAR
CUST00330,Joshua Ritter,wolfscott@example.org,2025-04-18,VIP
CUST00331,Ronald Potter,nancy07@example.com,2024-12-20,PREMIUM
CUST00332,Angie Grimes,rowejoel@example.net,2025-12-27,PREMIUM
CUST00333,Shannon Bishop,imartin@example.org,2024-05-14,REGULAR
CUST00334,Laura Patel,mariopadilla@example.com,2025-12-03,REGULAR
CUST00335,Scott Duke,taylorkaren@example.com,2023-09-28,VIP
CUST00336,Sharon Martinez DVM,dustinmorris@example.org,2026-05-13,PREMIUM
CUST00337,Charles Chen,ebrooks@example.net,2023-11-19,PREMIUM
CUST00338,Paul Neal,shawn75@example.net,2023-07-01,REGULAR
CUST00339,Sarah Davis,sreid@example.com,2023-10-04,PREMIUM
CUST00340,Jennifer Donaldson,troymorris@example.com,2024-12-03,REGULAR
CUST00341,Bianca Phelps,patricia00@example.org,2026-02-24,REGULAR
CUST00342,Julia Martinez,scottsmith@example.com,2024-05-07,REGULAR
CUST00343,Susan Khan MD,clarence54@example.org,2025-01-25,REGULAR
CUST00344,Mariah Williams,jessica36@example.net,2023-11-16,PREMIUM
CUST00345,April Woods,brittneystone@example.com,2023-07-12,PREMIUM
CUST00346,Greg Martinez,ebenson@example.org,2024-06-17,PREMIUM
CUST00347,Nicholas Garcia,michael42@example.com,2024-01-20,PREMIUM
CUST00348,Megan Jones,bishopfrank@example.com,2024-05-23,REGULAR
CUST00349,Brittany Jenkins,fheath@example.org,2024-01-31,PREMIUM
CUST00350,Leah Cruz,iedwards@example.org,2024-08-31,PREMIUM
CUST00351,Danielle Burke,kimberly04@example.org,2025-09-09,REGULAR
CUST00352,Chelsea Myers,bowerslaura@example.org,2025-08-04,PREMIUM
CUST00353,David Little,ricetiffany@example.com,2024-10-31,REGULAR
CUST00354,Scott Carroll,amy27@example.org,2023-07-23,PREMIUM
CUST00355,Alexis Lewis,fryraymond@example.com,2026-02-28,VIP
CUST00356,Pamela Henderson,imiller@example.net,2026-02-08,REGULAR
CUST00357,Bradley Miller,terrimoore@example.com,2025-02-23,REGULAR
CUST00358,Pamela Santos,collinssamuel@example.org,2023-09-25,REGULAR
CUST00359,Tim Wilson,parkerjudith@example.net,2024-03-26,REGULAR
CUST00360,Michael Miles,tylerreed@example.net,2024-08-03,PREMIUM
CUST00361,Cameron Norman,jessica10@example.com,2025-04-24,VIP
CUST00362,Austin Joseph,crawfordwilliam@example.org,2025-08-12,PREMIUM
CUST00363,Carol Moore,shannonemily@example.org,2024-06-16,REGULAR
CUST00364,April Trevino,sanchezthomas@example.com,2024-02-16,REGULAR
CUST00365,Tyler Johnson,pwalker@example.com,2024-11-06,VIP
CUST00366,Blake Watson,whitelinda@example.org,2025-03-11,REGULAR
CUST00367,John Campbell,mark87@example.org,2025-01-21,REGULAR
CUST00368,Justin Torres,stevenvargas@example.com,2024-04-26,REGULAR
CUST00369,Kimberly Flynn,adamortiz@example.org,2025-10-16,PREMIUM
CUST00370,Ryan Wiley,aaron64@example.org,2024-05-11,REGULAR
CUST00371,Cynthia Vasquez,kaufmandouglas@example.com,2023-11-19,REGULAR
CUST00372,David Bruce,xhaynes@example.com,2023-11-06,PREMIUM
CUST00373,Kathy Walsh,kjones@example.org,2025-05-03,REGULAR
CUST00374,Bianca Carter,sara65@example.com,2025-05-31,REGULAR
CUST00375,Benjamin Harris,moorefrank@example.com,2024-10-27,REGULAR
CUST00376,Joshua Oconnell,shannonford@example.org,2023-11-15,VIP
CUST00377,Michael Mckenzie,lewismelissa@example.org,2023-11-16,REGULAR
CUST00378,Tracy Foster,byrdjorge@example.org,2023-08-15,REGULAR
CUST00379,Sarah Hawkins,codygarcia@example.org,2024-01-02,PREMIUM
CUST00380,Ronald Haas,jamesmorales@example.net,2026-03-03,PREMIUM
CUST00381,Angela Willis,johnsoncaleb@example.net,2025-05-16,REGULAR
CUST00382,Anna Boone,david70@example.org,2025-12-05,REGULAR
CUST00383,Nathaniel Crawford,lvega@example.com,2024-05-26,REGULAR
CUST00384,Denise Griffin,austinharvey@example.org,2026-03-29,PREMIUM
CUST00385,Jason Pierce,millerpatrick@example.com,2024-05-02,REGULAR
CUST00386,Rebecca Wright,mayokimberly@example.com,2025-07-12,REGULAR
CUST00387,Kari Durham,paul20@example.com,2026-01-10,VIP
CUST00388,Steven Osborne,stokesthomas@example.com,2025-12-21,REGULAR
CUST00389,Dr. Ariel Sandoval MD,gallagherstacie@example.net,2025-02-20,PREMIUM
CUST00390,Ryan Bruce,joelstewart@example.net,2026-06-15,PREMIUM
CUST00391,Kevin Warner,stacey92@example.net,2024-04-15,REGULAR
CUST00392,Rita Waller,gregory01@example.org,2024-06-23,VIP
CUST00393,Alicia Woods,samantha32@example.com,2024-03-29,REGULAR
CUST00394,Sarah Morris,hernandezjanet@example.org,2023-12-17,VIP
CUST00395,Shannon Yu,janet69@example.org,2024-12-01,PREMIUM
CUST00396,Chad Moore,fconner@example.net,2024-11-01,REGULAR
CUST00397,Wayne Steele,jeffrey92@example.com,2024-10-16,REGULAR
CUST00398,Elizabeth Thompson,rushstacy@example.com,2025-11-25,REGULAR
CUST00399,Lance Mccall,daniellegarcia@example.com,2024-02-01,REGULAR
CUST00400,Blake Reed,gary15@example.com,2023-07-15,REGULAR
CUST00401,David Jones,kristin00@example.com,2025-05-08,REGULAR
CUST00402,Tracy Wilkerson,wmacias@example.net,2025-01-31,REGULAR
CUST00403,John Shields,franciscojones@example.org,2024-09-28,REGULAR
CUST00404,Dean Garcia,george62@example.net,2023-10-22,REGULAR
CUST00405,Stephanie Davis,bbush@example.net,2024-03-10,REGULAR
CUST00406,Jessica Brown,jamie36@example.net,2025-11-04,REGULAR
CUST00407,Monica Baker,kenneth10@example.com,2025-12-02,PREMIUM
CUST00408,Katherine Brown,pattersonkelly@example.net,2026-02-23,PREMIUM
CUST00409,Christina Johnson,daniellerowland@example.com,2023-12-24,PREMIUM
CUST00410,James Burns,christopher86@example.org,2025-01-24,PREMIUM
CUST00411,Jaclyn Griffin,scott43@example.com,2025-11-20,VIP
CUST00412,Paul Contreras,barnettlindsey@example.com,2025-12-30,REGULAR
CUST00413,Antonio Hughes,rsheppard@example.com,2025-12-03,REGULAR
CUST00414,Karen Miller,shawrachel@example.net,2026-05-15,PREMIUM
CUST00415,Mrs. Tiffany Cole,teresastokes@example.org,2023-09-02,REGULAR
CUST00416,William Graham,maryscott@example.net,2023-10-10,PREMIUM
CUST00417,Justin Arnold,april09@example.net,2025-09-16,PREMIUM
CUST00418,Ashley Hernandez,buckleyanna@example.org,2024-09-14,REGULAR
CUST00419,Sheryl Humphrey,patrick79@example.net,2025-07-01,REGULAR
CUST00420,Donald Thomas,vwilliams@example.net,2024-07-01,PREMIUM
CUST00421,John Adams,andrew44@example.com,2025-07-30,PREMIUM
CUST00422,Melinda Compton,dennismccann@example.com,2024-11-07,REGULAR
CUST00423,Jason Brewer,scottmcintyre@example.com,2025-07-19,PREMIUM
CUST00424,Sharon Nicholson,cameronmckinney@example.com,2024-01-24,PREMIUM
CUST00425,Kelly Carroll,jameswhitaker@example.org,2024-07-19,REGULAR
CUST00426,Anthony Ward,joshuacolon@example.net,2025-03-05,VIP
CUST00427,Becky Johnson,tracy72@example.com,2025-12-25,PREMIUM
CUST00428,Hailey Monroe,kaitlyn14@example.org,2025-02-17,REGULAR
CUST00429,Scott Chan,mercedesholland@example.net,2024-05-14,PREMIUM
CUST00430,Jason Smith,wellsdavid@example.org,2026-01-16,PREMIUM
CUST00431,Courtney Franklin,jennifer46@example.com,2024-12-20,REGULAR
CUST00432,Daniel Turner,asilva@example.net,2026-04-21,REGULAR
CUST00433,Sara Hoffman,kenneth17@example.org,2024-12-01,REGULAR
CUST00434,Margaret Hensley MD,jacob83@example.org,2026-01-15,REGULAR
CUST00435,Francisco Taylor,rioswhitney@example.com,2025-04-08,REGULAR
CUST00436,Norman Aguilar,matthewreeves@example.net,2025-10-05,PREMIUM
CUST00437,Karen Shepard,william28@example.org,2024-09-26,REGULAR
CUST00438,Carl Green,staceylam@example.net,2023-11-13,REGULAR
CUST00439,Daniel Savage,vfrench@example.com,2024-08-05,REGULAR
CUST00440,Julie Wilson,delacruzbrandy@example.net,2023-10-16,REGULAR
CUST00441,Cory Wilson,amoreno@example.org,2024-02-17,VIP
CUST00442,Curtis Ortiz,tthomas@example.org,2023-10-31,REGULAR
CUST00443,Mr. Christopher Walters,hayesjason@example.org,2025-12-09,REGULAR
CUST00444,Katherine Gallagher,andersonryan@example.com,2025-03-15,PREMIUM
CUST00445,John Smith,jessicadodson@example.com,2025-09-29,REGULAR
CUST00446,Michael Sims,jeremywiley@example.com,2024-01-14,REGULAR
CUST00447,Jonathan Torres,colonkenneth@example.com,2025-06-05,REGULAR
CUST00448,Linda Morgan,matthewvalenzuela@example.com,2024-04-15,REGULAR
CUST00449,Terry Burnett,perezjessica@example.org,2024-05-21,VIP
CUST00450,Leah Jackson,jennifer06@example.net,2024-07-29,VIP
CUST00451,Lisa Wheeler,stanleydesiree@example.org,2023-09-10,REGULAR
CUST00452,Jennifer James,thomas23@example.net,2026-05-28,PREMIUM
CUST00453,Elizabeth Stanley,cindy26@example.org,2025-08-30,REGULAR
CUST00454,Autumn Wilson,jimenezchelsea@example.com,2025-09-17,REGULAR
CUST00455,Heather Ortiz,benjamincrawford@example.org,2026-06-01,REGULAR
CUST00456,Erin Smith,meadowsmary@example.net,2025-08-03,PREMIUM
CUST00457,Brandon Hunt,conwaydawn@example.com,2024-09-29,PREMIUM
CUST00458,Anthony Li,phelpsmichael@example.net,2024-10-25,PREMIUM
CUST00459,Brian York,smithdevon@example.net,2024-03-18,PREMIUM
CUST00460,Steven Friedman,natalie15@example.com,2024-04-07,PREMIUM
CUST00461,James Bryant,evaughn@example.com,2026-03-31,PREMIUM
CUST00462,Carol Anderson,jarvismegan@example.org,2025-04-04,REGULAR
CUST00463,Karen Carroll,ywhite@example.com,2026-02-01,PREMIUM
CUST00464,Michael Roberson,timothyfreeman@example.com,2025-05-12,REGULAR
CUST00465,Dennis Edwards,tiffanysantiago@example.com,2025-09-11,REGULAR
CUST00466,Mercedes Davis,timothyalvarado@example.net,2025-02-14,REGULAR
CUST00467,Ronald Mcclain,smithsarah@example.net,2025-06-26,REGULAR
CUST00468,Sheila Jones,vflores@example.com,2023-09-14,PREMIUM
CUST00469,Krista Gray,christianwallace@example.net,2025-05-24,PREMIUM
CUST00470,Jonathan Stewart,bmcgee@example.org,2025-03-15,PREMIUM
CUST00471,Justin Smith,connersylvia@example.net,2024-10-13,REGULAR
CUST00472,Kristina Pena,xclements@example.org,2024-06-08,VIP
CUST00473,Evelyn Saunders,xmoran@example.net,2025-05-30,VIP
CUST00474,Peter Walker,michael48@example.net,2025-01-28,PREMIUM
CUST00475,Amber Martin,lydianewton@example.com,2023-12-11,VIP
CUST00476,Craig Martinez,ylewis@example.org,2024-12-03,REGULAR
CUST00477,Jason House,bartonshannon@example.net,2025-12-29,REGULAR
CUST00478,Brandy Porter,tranryan@example.net,2025-07-17,REGULAR
CUST00479,Priscilla Kent,jessicaanderson@example.com,2026-04-14,PREMIUM
CUST00480,Sonya Gordon,mbarnes@example.net,2024-07-17,PREMIUM
CUST00481,Victor Waller,iballard@example.com,2026-01-18,REGULAR
CUST00482,Nicole Evans,jennifer83@example.org,2024-05-18,REGULAR
CUST00483,Donna Reed,tinasantos@example.org,2025-08-18,REGULAR
CUST00484,Mallory Page,anna99@example.net,2025-04-06,REGULAR
CUST00485,Stephanie Ferguson,hstokes@example.org,2023-08-06,PREMIUM
CUST00486,Anthony Brown,karen24@example.net,2024-07-21,REGULAR
CUST00487,Antonio Mueller,karenjohnson@example.com,2023-12-04,REGULAR
CUST00488,Megan Hoffman,juliahoffman@example.org,2025-08-29,REGULAR
CUST00489,Rebecca Roberts,housepaul@example.net,2024-10-25,REGULAR
CUST00490,Amy Manning,christinenorman@example.com,2024-06-12,REGULAR
CUST00491,Michele Holland,kimberlybrandt@example.com,2025-05-25,PREMIUM
CUST00492,Michael Lopez,jillwilson@example.org,2025-04-23,VIP
CUST00493,Dennis Martin,adam72@example.org,2024-02-21,PREMIUM
CUST00494,Linda Ayala,tracy98@example.com,2023-10-19,REGULAR
CUST00495,Emily Robinson,abigailhartman@example.org,2025-04-04,REGULAR
CUST00496,Jennifer Bailey,elizabethrivera@example.com,2024-06-01,VIP
CUST00497,Lisa Wells,wilsonmichael@example.org,2026-03-21,REGULAR
CUST00498,Lisa Haley,patrick16@example.com,2025-10-14,VIP
CUST00499,Allison Black,willie87@example.com,2023-09-04,REGULAR
CUST00500,Matthew Flores,vaughangary@example.net,2025-10-03,REGULAR
CUST00501,Austin Santiago,michellecoleman@example.org,2024-05-12,REGULAR
CUST00502,Michele Cherry,elucas@example.net,2026-05-28,REGULAR
CUST00503,Joe Rivera,jonesgregory@example.com,2025-11-10,PREMIUM
CUST00504,Roberto Bartlett,ohughes@example.com,2025-04-30,PREMIUM
CUST00505,James Wilson,maychristine@example.net,2025-12-23,REGULAR
CUST00506,Ryan Howard,robertsgina@example.net,2023-11-09,PREMIUM
CUST00507,Timothy James,wellsamanda@example.org,2025-02-24,REGULAR
CUST00508,Sarah Phillips,kennetheaton@example.net,2026-03-30,REGULAR
CUST00509,Travis Spencer,davidsmith@example.net,2025-03-01,REGULAR
CUST00510,Theresa Torres,jason82@example.org,2024-04-08,PREMIUM
CUST00511,Ruben Lee,emilybradley@example.org,2025-10-27,REGULAR
CUST00512,Joshua Roberts,kingjames@example.net,2025-07-23,REGULAR
CUST00513,Heather Lambert,craigharvey@example.org,2024-11-02,REGULAR
CUST00514,Mr. Matthew Steele,arianadiaz@example.com,2025-04-23,REGULAR
CUST00515,Erik Floyd,xhill@example.org,2026-05-18,PREMIUM
CUST00516,Sherry Ford,kim78@example.org,2024-03-27,REGULAR
CUST00517,Angela Ramirez,patriciagonzalez@example.net,2026-02-25,REGULAR
CUST00518,Bernard Smith,hessbeth@example.net,2024-05-23,REGULAR
CUST00519,Kristen Stephens,jvaldez@example.com,2025-02-26,PREMIUM
CUST00520,Raymond Quinn,dennis88@example.org,2025-03-05,PREMIUM
