item_id,order_id,product_id,quantity,unit_price,discount_percent
ITEM000001,ORD000001,PROD00022,3,780.06,40.24
ITEM000002,ORD000002,PROD00124,7,1473.1,92.17
ITEM000003,ORD000002,PROD00135,2,1664.95,51.27
ITEM000004,ORD000003,PROD00457,8,540.62,60.03
ITEM000005,ORD000003,PROD00093,6,1229.67,43.41
ITEM000006,ORD000003,PROD00437,9,686.78,46.35
ITEM000007,ORD000003,PROD00230,3,1861.68,52.73
ITEM000008,ORD000004,PROD00298,2,1814.88,47.76
ITEM000009,ORD000005,PROD00131,5,1683.87,52.31
ITEM000010,ORD000005,PROD00303,9,157.68,4.51
ITEM000011,ORD000006,PROD00523,2,931.99,72.03
ITEM000012,ORD000007,PROD00364,2,1538.45,1.63
ITEM000013,ORD000007,PROD00474,3,1686.61,4.53
ITEM000014,ORD000007,PROD00427,5,631.32,72.41
ITEM000015,ORD000008,PROD00272,3,426.08,7.82
ITEM000016,ORD000008,PROD00266,2,870.43,1.79
ITEM000017,ORD000008,PROD00405,3,1313.32,46.02
ITEM000018,ORD000008,PROD00415,10,1453.19,30.28
ITEM000019,ORD000009,PROD00405,2,254.55,1.39
ITEM000020,ORD000009,PROD00115,4,1718.73,20.92
ITEM000021,ORD000009,PROD00149,7,1684.97,85.82
ITEM000022,ORD000010,PROD00089,8,300.59,42.19
ITEM000023,ORD000010,PROD00120,3,1478.87,44.53
ITEM000024,ORD000011,PROD00483,-4,1172.53,20.13
ITEM000025,ORD000011,PROD00402,1,209.81,84.76
ITEM000026,ORD000011,PROD00443,8,1475.47,59.58
ITEM000027,ORD000011,PROD00298,7,974.77,59.1
ITEM000028,ORD000012,PROD00238,9,42.94,57.64
ITEM000029,ORD000012,PROD00066,7,1778.84,11.69
ITEM000030,ORD000012,PROD00356,7,46.51,28.8
ITEM000031,ORD000012,PROD00197,8,468.05,21.97
ITEM000032,ORD000013,PROD00480,5,1447.38,39.04
ITEM000033,ORD000013,PROD00427,6,1592.97,79.98
ITEM000034,ORD000013,PROD00166,5,1382.94,8.62
ITEM000035,ORD000014,PROD00133,3,1213.47,10.09
ITEM000036,ORD000014,PROD00426,8,610.79,20.94
ITEM000037,ORD000014,PROD00049,6,1762.41,35.7
ITEM000038,ORD000014,PROD00163,9,68.78,6.37
ITEM000039,ORD000015,PROD00117,2,1126.15,48.64
ITEM000040,ORD000015,PROD00349,1,1541.34,55.7
ITEM000041,ORD000015,PROD00155,9,1210.56,10.41
ITEM000042,ORD000015,PROD00052,8,1598.98,96.26
ITEM000043,ORD000016,PROD00109,10,1565.4,94.74
ITEM000044,ORD000017,PROD00520,2,1742.38,91.1
ITEM000045,ORD000018,PROD00300,9,999.29,87.05
ITEM000046,ORD000018,PROD00158,6,1639.23,12.3
ITEM000047,ORD000019,PROD00450,1,494.41,80.91
ITEM000048,ORD000019,PROD00350,3,175.04,37.24
ITEM000049,ORD000020,PROD00370,4,307.46,75.35
ITEM000050,ORD000020,PROD00432,3,1604.53,41.34
ITEM000051,ORD000020,PROD00420,9,1590.24,36.18
ITEM000052,ORD000020,PROD00031,1,1436.66,51.73
ITEM000053,ORD000021,PROD00087,7,1963.98,16.43
ITEM000054,ORD000022,PROD00403,3,1805.51,5.78
ITEM000055,ORD000023,PROD00430,9,1747.72,72.16
ITEM000056,ORD000023,PROD00322,1,1654.87,90.02
ITEM000057,ORD000023,PROD00151,8,1289.54,88.76
ITEM000058,ORD000024,PROD00354,7,1551.92,88.1
ITEM000059,ORD000024,PROD00087,6,783.04,71.89
ITEM000060,ORD000024,PROD00130,9,571.44,9.28
ITEM000061,ORD000024,PROD00320,3,51.73,89.03
ITEM000062,ORD000025,PROD00248,5,1454.39,98.7
ITEM000063,ORD000025,PROD00114,6,523.21,50.75
ITEM000064,ORD000025,PROD00127,2,900.23,57.24
ITEM000065,ORD000026,PROD00465,4,1611.75,98.9
ITEM000066,ORD000027,PROD00359,10,1346.51,71.44
ITEM000067,ORD000027,PROD00533,2,659.05,58.24
ITEM000068,ORD000028,PROD00466,7,1657.73,8.19
ITEM000069,ORD000028,PROD00064,3,955.12,44.62
ITEM000070,ORD000028,PROD00379,7,1178.54,51.89
ITEM000071,ORD000029,PROD00271,7,1993.04,68.9
ITEM000072,ORD000029,PROD00502,7,1648.5,14.43
ITEM000073,ORD000029,PROD00131,8,263.12,70.45
ITEM000074,ORD000029,PROD00121,8,949.34,74.65
ITEM000075,ORD000030,PROD00122,7,225.12,36.96
ITEM000076,ORD000030,PROD00297,3,239.9,30.49
ITEM000077,ORD000030,PROD00384,8,60.82,14.29
ITEM000078,ORD000031,PROD00050,5,1778.67,21.56
ITEM000079,ORD000031,PROD00501,-5,700.55,87.04
ITEM000080,ORD000031,PROD00428,5,1133.7,90.03
ITEM000081,ORD000031,PROD00387,10,269.96,13.85
ITEM000082,ORD000032,PROD00461,3,1733.36,32.52
ITEM000083,ORD000032,PROD00420,7,681.3,4.58
ITEM000084,ORD000032,PROD00454,2,1732.58,70.72
ITEM000085,ORD000032,PROD00317,2,1289.61,8.52
ITEM000086,ORD000033,PROD00535,8,1007.76,1.87
ITEM000087,ORD000034,PROD00020,4,494.35,70.56
ITEM000088,ORD000034,PROD00455,9,1215.68,40.18
ITEM000089,ORD000035,PROD00504,1,683.21,18.05
ITEM000090,ORD000036,PROD00325,2,233.72,9.93
ITEM000091,ORD000037,PROD00293,5,1537.77,15.42
ITEM000092,ORD000037,PROD00418,1,1230.88,32.53
ITEM000093,ORD000038,PROD00060,2,643.48,41.28
ITEM000094,ORD000039,PROD00265,2,108.5,23.96
ITEM000095,ORD000039,PROD00243,9,773.17,11.51
ITEM000096,ORD000039,PROD00063,9,817.12,48.42
ITEM000097,ORD000040,PROD00240,1,541.97,96.35
ITEM000098,ORD000040,PROD00104,9,1304.84,12.56
ITEM000099,ORD000040,PROD00417,9,410.9,96.79
ITEM000100,ORD000040,PROD00383,3,1565.14,53.75
ITEM000101,ORD000041,PROD00463,8,1922.42,62.07
ITEM000102,ORD000041,PROD00172,-4,550.24,25.09
ITEM000103,ORD000041,PROD00390,4,1172.39,51.03
ITEM000104,ORD000041,PROD00047,9,1128.35,30.06
ITEM000105,ORD000042,PROD00126,9,1997.65,87.83
ITEM000106,ORD000042,PROD00216,6,1768.44,94.54
ITEM000107,ORD000042,PROD00268,8,549.66,66.23
ITEM000108,ORD000042,PROD00330,8,1918.19,32.85
ITEM000109,ORD000043,PROD00003,1,1803.38,67.27
ITEM000110,ORD000043,PROD00424,8,1526.12,53.81
ITEM000111,ORD000044,PROD00032,8,1346.13,35.3
ITEM000112,ORD000045,PROD00367,1,253.9,37.05
ITEM000113,ORD000045,PROD00198,4,1487.57,75.84
ITEM000114,ORD000045,PROD00367,10,1252.35,80.84
ITEM000115,ORD000045,PROD00227,8,1934.76,3.68
ITEM000116,ORD000046,PROD00215,-4,226.34,27.73
ITEM000117,ORD000046,PROD00513,9,391.57,73.88
ITEM000118,ORD000046,PROD00180,3,1493.22,12.74
ITEM000119,ORD000046,PROD00234,5,387.74,67.8
ITEM000120,ORD000047,PROD00465,-4,1283.73,94.31
ITEM000121,ORD000047,PROD00054,6,867.93,99.51
ITEM000122,ORD000047,PROD00281,9,935.84,36.15
ITEM000123,ORD000048,PROD00230,7,1067.16,31.62
ITEM000124,ORD000049,PROD00200,10,1616.31,99.03
ITEM000125,ORD000049,PROD00232,7,1915.76,91.7
ITEM000126,ORD000049,PROD00202,5,130.37,62.53
ITEM000127,ORD000049,PROD00029,1,1187.1,62.63
ITEM000128,ORD000050,PROD00257,8,480.53,34.08
ITEM000129,ORD000050,PROD00056,9,1589.25,94.35
ITEM000130,ORD000050,PROD00450,8,1159.97,8.55
ITEM000131,ORD000051,PROD00035,2,1566.38,6.2
ITEM000132,ORD000052,PROD00057,7,136.25,67.76
ITEM000133,ORD000052,PROD00054,7,806.36,61.73
ITEM000134,ORD000052,PROD00421,10,1576.01,62.4
ITEM000135,ORD000052,PROD00465,7,1760.48,61.92
ITEM000136,ORD000053,PROD00027,6,1177.69,10.8
ITEM000137,ORD000053,PROD00013,2,1187.81,84.08
ITEM000138,ORD000053,PROD00130,5,714.01,48.14
ITEM000139,ORD000054,PROD00191,1,125.68,31.17
ITEM000140,ORD000054,PROD00447,6,625.82,88.52
ITEM000141,ORD000054,PROD00150,5,1208.64,29.11
ITEM000142,ORD000054,PROD00009,3,119.35,50.71
ITEM000143,ORD000055,PROD00433,4,1282.91,20.13
ITEM000144,ORD000056,PROD00350,8,1391.09,98.19
ITEM000145,ORD000057,PROD00344,7,660.6,10.48
ITEM000146,ORD000057,PROD00044,1,1279.34,69.32
ITEM000147,ORD000057,PROD00478,4,964.09,76.83
ITEM000148,ORD000058,PROD00385,3,1653.04,0.67
ITEM000149,ORD000058,PROD00011,1,1111.61,14.24
ITEM000150,ORD000058,PROD00451,10,1825.85,35.99
ITEM000151,ORD000059,PROD00204,3,441.8,26.2
ITEM000152,ORD000060,PROD00348,4,361.19,2.15
ITEM000153,ORD000060,PROD00269,1,1663.73,13.72
ITEM000154,ORD000061,PROD00347,5,915.13,36.96
ITEM000155,ORD000062,PROD00176,10,1763.92,87.84
ITEM000156,ORD000062,PROD00067,3,1590.82,19.17
ITEM000157,ORD000062,PROD00388,6,1201.1,97.7
ITEM000158,ORD000063,PROD00048,10,382.26,53.55
ITEM000159,ORD000063,PROD00153,1,1260.77,28.01
ITEM000160,ORD000064,PROD00521,8,422.43,8.14
ITEM000161,ORD000064,PROD00482,10,134.42,50.86
ITEM000162,ORD000065,PROD00511,3,647.04,37.39
ITEM000163,ORD000065,PROD00495,8,950.15,58.12
ITEM000164,ORD000065,PROD00038,4,906.9,23.44
ITEM000165,ORD000066,PROD00314,7,1144.88,93.55
ITEM000166,ORD000066,PROD00384,2,272.99,8.4
ITEM000167,ORD000067,PROD00532,10,87.08,51.23
ITEM000168,ORD000067,PROD00345,8,867.85,36.75
ITEM000169,ORD000067,PROD00510,7,54.31,44.17
ITEM000170,ORD000067,PROD00272,6,1803.44,29.45
ITEM000171,ORD000068,PROD00284,2,241.58,36.02
ITEM000172,ORD000069,PROD00342,6,503.8,74.52
ITEM000173,ORD000069,PROD00282,10,1996.0,99.84
ITEM000174,ORD000070,PROD00009,5,1645.51,78.31
ITEM000175,ORD000070,PROD00414,10,1516.82,1.19
ITEM000176,ORD000070,PROD00525,3,1731.6,22.76
ITEM000177,ORD000071,PROD00486,10,1573.02,75.76
ITEM000178,ORD000071,PROD00473,2,629.58,18.78
ITEM000179,ORD000072,PROD00215,9,65.06,13.9
ITEM000180,ORD000072,PROD00132,1,1002.1,65.88
ITEM000181,ORD000072,PROD00364,7,854.31,75.26
ITEM000182,ORD000072,PROD00307,1,1137.32,3.22
ITEM000183,ORD000073,PROD00158,6,1138.54,79.91
ITEM000184,ORD000073,PROD00401,4,1897.64,6.37
ITEM000185,ORD000074,PROD00193,6,1141.18,45.15
ITEM000186,ORD000074,PROD00312,2,1351.4,17.76
ITEM000187,ORD000074,PROD00501,-2,143.63,96.3
ITEM000188,ORD000074,PROD00291,5,1320.84,7.0
ITEM000189,ORD000075,PROD00378,3,656.91,90.98
ITEM000190,ORD000076,PROD00161,3,1075.22,47.83
ITEM000191,ORD000076,PROD00071,4,264.21,20.57
ITEM000192,ORD000076,PROD00443,8,321.77,57.51
ITEM000193,ORD000076,PROD00318,9,1434.96,45.9
ITEM000194,ORD000077,PROD00008,8,132.62,39.92
ITEM000195,ORD000077,PROD00253,10,1759.08,46.02
ITEM000196,ORD000078,PROD00094,8,696.83,84.26
ITEM000197,ORD000079,PROD00401,3,833.03,17.96
ITEM000198,ORD000079,PROD00443,3,1398.55,9.55
ITEM000199,ORD000079,PROD00045,3,551.18,62.81
ITEM000200,ORD000080,PROD00069,4,1817.93,41.13
ITEM000201,ORD000080,PROD00125,2,1512.02,50.44
ITEM000202,ORD000080,PROD00334,3,509.27,50.61
ITEM000203,ORD000081,PROD00028,8,765.41,74.6
ITEM000204,ORD000081,PROD00200,1,504.96,70.91
ITEM000205,ORD000081,PROD00140,8,972.09,6.82
ITEM000206,ORD000081,PROD00249,8,284.81,82.04
ITEM000207,ORD000082,PROD00175,10,205.53,29.41
ITEM000208,ORD000082,PROD00401,1,1356.38,15.35
ITEM000209,ORD000083,PROD00183,1,1785.91,53.23
ITEM000210,ORD000083,PROD00453,9,1283.82,71.64
ITEM000211,ORD000083,PROD00106,5,890.75,59.82
ITEM000212,ORD000084,PROD00387,4,752.42,23.85
ITEM000213,ORD000085,PROD00017,1,677.55,19.22
ITEM000214,ORD000086,PROD00226,2,1594.86,83.05
ITEM000215,ORD000087,PROD00172,9,219.83,32.71
ITEM000216,ORD000087,PROD00195,9,793.15,42.79
ITEM000217,ORD000088,PROD00219,6,351.38,40.21
ITEM000218,ORD000088,PROD00324,-2,920.26,6.6
ITEM000219,ORD000089,PROD00378,4,825.14,76.75
ITEM000220,ORD000089,PROD00512,2,1426.5,79.13
ITEM000221,ORD000089,PROD00176,2,1201.73,98.14
ITEM000222,ORD000090,PROD00137,6,1956.15,66.64
ITEM000223,ORD000090,PROD00070,10,1824.65,44.89
ITEM000224,ORD000090,PROD00524,4,1009.32,70.46
ITEM000225,ORD000090,PROD00014,10,1519.09,12.41
ITEM000226,ORD000091,PROD00439,10,163.38,13.76
ITEM000227,ORD000091,PROD00511,3,754.62,64.2
ITEM000228,ORD000092,PROD00455,6,272.86,31.75
ITEM000229,ORD000092,PROD00041,7,1297.85,28.85
ITEM000230,ORD000093,PROD00235,6,688.74,20.58
ITEM000231,ORD000094,PROD00255,4,1218.09,38.15
ITEM000232,ORD000095,PROD00188,1,133.91,49.16
ITEM000233,ORD000095,PROD00198,3,1876.86,12.56
ITEM000234,ORD000095,PROD00178,4,476.44,7.82
ITEM000235,ORD000096,PROD00319,4,493.63,17.64
ITEM000236,ORD000096,PROD00255,10,899.3,63.56
ITEM000237,ORD000096,PROD00279,8,164.63,97.26
ITEM000238,ORD000096,PROD00408,8,885.55,50.53
ITEM000239,ORD000097,PROD00160,8,44.52,38.14
ITEM000240,ORD000097,PROD00086,5,1192.39,15.28
ITEM000241,ORD000097,PROD00180,8,615.17,28.32
ITEM000242,ORD000097,PROD00493,3,1431.15,19.57
ITEM000243,ORD000098,PROD00005,-5,1462.09,37.43
ITEM000244,ORD000098,PROD00415,7,1941.13,37.31
ITEM000245,ORD000099,PROD00316,10,147.11,88.5
ITEM000246,ORD000099,PROD00128,10,328.91,76.3
ITEM000247,ORD000099,PROD00262,6,1021.67,48.86
ITEM000248,ORD000099,PROD00378,7,1853.4,73.57
ITEM000249,ORD000100,PROD00490,6,1263.75,67.64
ITEM000250,ORD000100,PROD00152,8,1888.81,14.74
ITEM000251,ORD000101,PROD00166,-1,1290.57,91.69
ITEM000252,ORD000101,PROD00408,2,1039.48,18.88
ITEM000253,ORD000102,PROD00170,5,1385.21,50.06
ITEM000254,ORD000102,PROD00392,7,1506.16,92.43
ITEM000255,ORD000102,PROD00092,10,1554.5,34.44
ITEM000256,ORD000102,PROD00147,4,1860.38,39.8
ITEM000257,ORD000103,PROD00007,8,8.15,6.98
ITEM000258,ORD000103,PROD00428,5,1467.42,17.06
ITEM000259,ORD000103,PROD00384,3,400.05,18.2
ITEM000260,ORD000104,PROD00462,4,375.35,5.9
ITEM000261,ORD000105,PROD00197,7,884.26,91.3
ITEM000262,ORD000105,PROD00112,3,164.22,8.57
ITEM000263,ORD000106,PROD00284,1,1173.36,47.79
ITEM000264,ORD000107,PROD00010,1,1332.32,78.92
ITEM000265,ORD000108,PROD00100,1,754.45,52.01
ITEM000266,ORD000109,PROD00498,6,1210.72,33.66
ITEM000267,ORD000109,PROD00352,4,1882.28,66.51
ITEM000268,ORD000109,PROD00388,6,1746.79,80.63
ITEM000269,ORD000110,PROD00468,7,1451.81,88.8
ITEM000270,ORD000111,PROD00027,9,562.54,69.93
ITEM000271,ORD000111,PROD00255,10,1373.94,86.99
ITEM000272,ORD000112,PROD00193,-3,38.18,36.02
ITEM000273,ORD000112,PROD00047,6,1357.47,23.36
ITEM000274,ORD000112,PROD00497,10,1588.95,34.83
ITEM000275,ORD000112,PROD00488,2,1469.88,29.39
ITEM000276,ORD000113,PROD00147,10,1570.8,71.67
ITEM000277,ORD000113,PROD00033,2,606.19,67.31
ITEM000278,ORD000114,PROD00173,2,966.93,54.07
ITEM000279,ORD000114,PROD00250,2,215.41,99.34
ITEM000280,ORD000114,PROD00030,6,1805.78,76.63
ITEM000281,ORD000114,PROD00226,8,1903.25,67.06
ITEM000282,ORD000115,PROD00504,6,1744.52,93.18
ITEM000283,ORD000115,PROD00067,7,1820.78,74.3
ITEM000284,ORD000116,PROD00448,4,521.89,29.1
ITEM000285,ORD000116,PROD00115,10,1874.74,74.46
ITEM000286,ORD000116,PROD00119,3,1707.39,95.41
ITEM000287,ORD000116,PROD00002,10,1073.53,84.71
ITEM000288,ORD000117,PROD00328,3,1041.9,60.16
ITEM000289,ORD000117,PROD00228,1,1078.89,46.06
ITEM000290,ORD000117,PROD00149,5,1675.25,49.98
ITEM000291,ORD000117,PROD00467,5,296.01,66.54
ITEM000292,ORD000118,PROD00328,2,550.54,84.77
ITEM000293,ORD000119,PROD00221,7,122.33,81.02
ITEM000294,ORD000119,PROD00157,4,1696.9,93.44
ITEM000295,ORD000119,PROD00231,1,1846.7,77.6
ITEM000296,ORD000119,PROD00500,5,1968.86,65.93
ITEM000297,ORD000120,PROD00023,6,847.76,47.34
ITEM000298,ORD000120,PROD00357,7,148.29,72.68
ITEM000299,ORD000121,PROD00200,9,790.58,13.09
ITEM000300,ORD000121,PROD00056,5,917.78,16.37
ITEM000301,ORD000121,PROD00141,8,585.71,14.48
ITEM000302,ORD000122,PROD00201,1,727.64,85.61
ITEM000303,ORD000122,PROD00105,3,756.23,98.27
ITEM000304,ORD000123,PROD00058,8,363.37,5.25
ITEM000305,ORD000123,PROD00528,10,870.47,14.86
ITEM000306,ORD000124,PROD00251,4,796.31,30.27
ITEM000307,ORD000124,PROD00177,7,1552.82,99.12
ITEM000308,ORD000124,PROD00092,7,554.06,65.32
ITEM000309,ORD000124,PROD00377,-1,169.86,48.92
ITEM000310,ORD000125,PROD00024,10,961.6,69.37
ITEM000311,ORD000125,PROD00097,3,771.0,100.0
ITEM000312,ORD000126,PROD00306,2,653.83,71.38
ITEM000313,ORD000126,PROD00190,1,790.62,81.75
ITEM000314,ORD000126,PROD00501,10,1080.27,81.88
ITEM000315,ORD000126,PROD00128,4,1931.53,89.76
ITEM000316,ORD000127,PROD00185,-4,1602.02,12.3
ITEM000317,ORD000127,PROD00132,3,180.2,25.68
ITEM000318,ORD000128,PROD00087,9,600.66,96.63
ITEM000319,ORD000129,PROD00434,1,500.43,4.62
ITEM000320,ORD000129,PROD00532,5,1320.02,44.49
ITEM000321,ORD000130,PROD00321,6,1214.31,51.06
ITEM000322,ORD000130,PROD00102,1,478.02,18.81
ITEM000323,ORD000130,PROD00307,4,1915.06,60.21
ITEM000324,ORD000130,PROD00222,5,261.34,62.23
ITEM000325,ORD000131,PROD00262,3,803.12,8.33
ITEM000326,ORD000132,PROD00436,3,1074.13,7.06
ITEM000327,ORD000132,PROD00276,4,1430.32,56.36
ITEM000328,ORD000132,PROD00524,7,1644.03,31.64
ITEM000329,ORD000133,PROD00389,-5,498.76,27.01
ITEM000330,ORD000133,PROD00113,7,136.59,64.02
ITEM000331,ORD000133,PROD00372,5,296.93,79.81
ITEM000332,ORD000133,PROD00281,-4,1959.07,22.22
ITEM000333,ORD000134,PROD00127,5,1179.71,80.68
ITEM000334,ORD000135,PROD00358,5,1105.33,60.75
ITEM000335,ORD000136,PROD00175,7,365.44,80.61
ITEM000336,ORD000137,PROD00489,5,23.95,51.36
ITEM000337,ORD000137,PROD00160,3,760.71,73.54
ITEM000338,ORD000137,PROD00055,6,1416.47,24.91
ITEM000339,ORD000137,PROD00429,3,880.73,35.4
ITEM000340,ORD000138,PROD00515,7,1043.59,71.85
ITEM000341,ORD000138,PROD00235,2,1895.17,40.65
ITEM000342,ORD000138,PROD00321,2,158.0,24.0
ITEM000343,ORD000138,PROD00096,1,173.75,28.59
ITEM000344,ORD000139,PROD00011,7,1355.68,93.24
ITEM000345,ORD000139,PROD00140,9,1371.82,67.68
ITEM000346,ORD000139,PROD00128,10,384.42,83.14
ITEM000347,ORD000139,PROD00008,9,1500.59,24.42
ITEM000348,ORD000140,PROD00460,9,1808.08,17.48
ITEM000349,ORD000141,PROD00137,1,848.33,37.91
ITEM000350,ORD000141,PROD00383,6,1828.52,24.98
ITEM000351,ORD000141,PROD00121,8,590.62,21.31
ITEM000352,ORD000142,PROD00223,9,1652.33,3.54
ITEM000353,ORD000142,PROD00475,8,119.71,0.59
ITEM000354,ORD000142,PROD00472,6,218.79,34.97
ITEM000355,ORD000142,PROD00191,1,207.17,49.2
ITEM000356,ORD000143,PROD00527,7,252.07,48.74
ITEM000357,ORD000144,PROD00257,7,751.75,36.45
ITEM000358,ORD000144,PROD00187,5,221.85,43.86
ITEM000359,ORD000145,PROD00166,7,16.59,88.36
ITEM000360,ORD000145,PROD00204,5,85.31,39.45
ITEM000361,ORD000145,PROD00340,3,1334.08,94.84
ITEM000362,ORD000145,PROD00273,8,1102.5,79.98
ITEM000363,ORD000146,PROD00333,7,1006.21,92.36
ITEM000364,ORD000146,PROD00399,2,1586.46,12.61
ITEM000365,ORD000147,PROD00513,-2,108.82,82.98
ITEM000366,ORD000147,PROD00440,1,871.49,28.95
ITEM000367,ORD000147,PROD00498,7,499.26,15.25
ITEM000368,ORD000148,PROD00256,2,1729.01,99.43
ITEM000369,ORD000148,PROD00254,7,400.83,70.65
ITEM000370,ORD000149,PROD00515,4,1985.14,59.12
ITEM000371,ORD000150,PROD00235,7,81.54,99.04
ITEM000372,ORD000150,PROD00150,10,403.29,86.44
ITEM000373,ORD000151,PROD00418,4,447.44,42.61
ITEM000374,ORD000151,PROD00063,1,612.06,26.92
ITEM000375,ORD000151,PROD00288,7,497.7,89.51
ITEM000376,ORD000151,PROD00187,1,1322.56,32.16
ITEM000377,ORD000152,PROD00484,10,206.02,18.48
ITEM000378,ORD000152,PROD00504,5,227.5,66.89
ITEM000379,ORD000152,PROD00134,6,1487.15,58.89
ITEM000380,ORD000153,PROD00244,4,1170.73,8.72
ITEM000381,ORD000153,PROD00109,10,245.11,58.66
ITEM000382,ORD000153,PROD00196,8,1851.37,7.49
ITEM000383,ORD000154,PROD00309,4,1069.45,15.37
ITEM000384,ORD000154,PROD00131,9,1424.65,89.16
ITEM000385,ORD000154,PROD00356,8,1261.58,11.74
ITEM000386,ORD000155,PROD00070,9,1863.01,50.39
ITEM000387,ORD000155,PROD00023,5,1394.93,12.89
ITEM000388,ORD000155,PROD00047,1,1589.81,69.38
ITEM000389,ORD000155,PROD00408,9,1741.16,97.15
ITEM000390,ORD000156,PROD00449,7,1127.18,39.02
ITEM000391,ORD000156,PROD00279,1,324.21,21.78
ITEM000392,ORD000157,PROD00526,9,521.38,85.25
ITEM000393,ORD000158,PROD00275,3,451.74,53.36
ITEM000394,ORD000158,PROD00299,3,1884.38,27.78
ITEM000395,ORD000158,PROD00137,1,1286.61,24.9
ITEM000396,ORD000159,PROD00119,-3,1267.2,97.22
ITEM000397,ORD000159,PROD00333,9,531.76,13.36
ITEM000398,ORD000160,PROD00333,1,1648.74,21.93
ITEM000399,ORD000160,PROD00287,1,1077.09,97.88
ITEM000400,ORD000160,PROD00109,7,1891.58,25.73
ITEM000401,ORD000161,PROD00453,5,411.82,62.98
ITEM000402,ORD000161,PROD00405,4,1460.97,43.39
ITEM000403,ORD000162,PROD00491,3,921.48,81.56
ITEM000404,ORD000162,PROD00181,8,1886.99,18.04
ITEM000405,ORD000163,PROD00022,3,1635.91,68.74
ITEM000406,ORD000163,PROD00193,2,855.66,45.5
ITEM000407,ORD000163,PROD00413,9,278.9,75.04
ITEM000408,ORD000164,PROD00103,1,224.52,1.36
ITEM000409,ORD000165,PROD00136,2,538.97,93.86
ITEM000410,ORD000166,PROD00010,2,1087.03,81.83
ITEM000411,ORD000167,PROD00208,10,1785.32,81.55
ITEM000412,ORD000168,PROD00340,4,116.47,69.2
ITEM000413,ORD000168,PROD00127,-1,210.12,29.67
ITEM000414,ORD000168,PROD00524,7,287.96,91.22
ITEM000415,ORD000169,PROD00233,3,709.85,28.68
ITEM000416,ORD000170,PROD00116,2,452.92,95.65
ITEM000417,ORD000170,PROD00289,10,670.78,36.05
ITEM000418,ORD000170,PROD00087,10,306.45,42.86
ITEM000419,ORD000170,PROD00343,7,304.69,66.73
ITEM000420,ORD000171,PROD00294,2,545.83,49.93
ITEM000421,ORD000171,PROD00378,2,1578.77,86.17
ITEM000422,ORD000171,PROD00153,3,643.91,39.06
ITEM000423,ORD000172,PROD00069,7,1919.37,27.85
ITEM000424,ORD000172,PROD00093,3,367.84,38.5
ITEM000425,ORD000172,PROD00327,8,1388.37,41.39
ITEM000426,ORD000172,PROD00342,4,769.45,54.93
ITEM000427,ORD000173,PROD00236,10,1431.27,52.69
ITEM000428,ORD000173,PROD00225,4,726.61,20.33
ITEM000429,ORD000173,PROD00018,8,1915.44,92.09
ITEM000430,ORD000173,PROD00062,6,1698.26,86.68
ITEM000431,ORD000174,PROD00302,9,1943.78,91.3
ITEM000432,ORD000174,PROD00249,4,116.45,13.78
ITEM000433,ORD000175,PROD00387,7,746.51,70.14
ITEM000434,ORD000175,PROD00076,10,1741.6,3.02
ITEM000435,ORD000176,PROD00145,2,29.89,83.11
ITEM000436,ORD000176,PROD00427,3,942.18,14.01
ITEM000437,ORD000176,PROD00307,6,890.73,64.48
ITEM000438,ORD000177,PROD00294,1,1762.91,3.21
ITEM000439,ORD000178,PROD00516,7,1666.2,67.99
ITEM000440,ORD000178,PROD00466,5,1838.7,50.19
ITEM000441,ORD000179,PROD00434,5,1946.38,52.15
ITEM000442,ORD000179,PROD00129,7,1239.99,21.89
ITEM000443,ORD000180,PROD00080,8,957.45,65.27
ITEM000444,ORD000180,PROD00415,3,114.07,37.15
ITEM000445,ORD000181,PROD00200,2,160.23,60.32
ITEM000446,ORD000181,PROD00344,-3,329.71,10.65
ITEM000447,ORD000181,PROD00217,5,379.55,20.17
ITEM000448,ORD000181,PROD00034,2,1953.44,56.48
ITEM000449,ORD000182,PROD00047,2,1887.3,0.85
ITEM000450,ORD000182,PROD00366,7,1002.93,31.45
ITEM000451,ORD000182,PROD00401,3,1406.8,9.74
ITEM000452,ORD000182,PROD00418,9,206.5,80.75
ITEM000453,ORD000183,PROD00025,7,956.52,86.88
ITEM000454,ORD000183,PROD00039,3,1366.34,7.88
ITEM000455,ORD000184,PROD00238,3,1538.81,16.1
ITEM000456,ORD000185,PROD00459,6,585.23,62.35
ITEM000457,ORD000185,PROD00442,7,482.03,99.7
ITEM000458,ORD000185,PROD00077,10,1257.44,49.75
ITEM000459,ORD000186,PROD00147,5,1096.54,96.89
ITEM000460,ORD000187,PROD00511,6,343.59,29.56
ITEM000461,ORD000188,PROD00287,6,183.01,17.92
ITEM000462,ORD000189,PROD00265,5,1527.48,44.2
ITEM000463,ORD000189,PROD00144,10,979.08,36.35
ITEM000464,ORD000189,PROD00294,10,1834.69,12.9
ITEM000465,ORD000189,PROD00376,10,1904.33,37.37
ITEM000466,ORD000190,PROD00519,1,1243.12,64.39
ITEM000467,ORD000190,PROD00251,9,20.85,85.31
ITEM000468,ORD000190,PROD00298,10,801.56,7.3
ITEM000469,ORD000190,PROD00398,2,701.13,46.85
ITEM000470,ORD000191,PROD00112,2,1835.33,92.25
ITEM000471,ORD000191,PROD00444,6,133.62,34.24
ITEM000472,ORD000191,PROD00498,8,233.08,45.46
ITEM000473,ORD000191,PROD00160,3,1282.23,32.02
ITEM000474,ORD000192,PROD00390,6,1580.17,97.86
ITEM000475,ORD000193,PROD00056,1,1905.53,68.37
ITEM000476,ORD000193,PROD00277,3,171.76,6.93
ITEM000477,ORD000194,PROD00084,8,1743.22,52.48
ITEM000478,ORD000194,PROD00266,1,189.42,90.16
ITEM000479,ORD000194,PROD00351,5,333.24,34.93
ITEM000480,ORD000194,PROD00430,9,1379.22,16.07
ITEM000481,ORD000195,PROD00364,10,781.33,0.99
ITEM000482,ORD000195,PROD00204,10,1234.94,32.37
ITEM000483,ORD000195,PROD00325,-4,1867.97,49.94
ITEM000484,ORD000195,PROD00325,7,529.29,72.23
ITEM000485,ORD000196,PROD00129,10,199.4,21.86
ITEM000486,ORD000196,PROD00193,9,1549.9,60.09
ITEM000487,ORD000196,PROD00222,4,1943.63,57.68
ITEM000488,ORD000196,PROD00015,6,37.3,89.67
ITEM000489,ORD000197,PROD00512,8,831.04,35.17
ITEM000490,ORD000198,PROD00536,6,231.19,17.58
ITEM000491,ORD000198,PROD00439,9,1191.81,54.28
ITEM000492,ORD000198,PROD00391,7,1270.04,70.21
ITEM000493,ORD000198,PROD00102,2,183.83,1.64
ITEM000494,ORD000199,PROD00107,10,1854.82,9.97
ITEM000495,ORD000199,PROD00455,1,1337.08,85.17
ITEM000496,ORD000199,PROD00217,8,1105.42,11.45
ITEM000497,ORD000199,PROD00481,6,1935.39,91.4
ITEM000498,ORD000200,PROD00406,-3,1565.48,50.76
ITEM000499,ORD000200,PROD00275,5,618.26,90.27
ITEM000500,ORD000200,PROD00425,1,1800.87,41.46
ITEM000501,ORD000200,PROD00016,-3,1682.34,51.9
ITEM000502,ORD000201,PROD00344,10,1985.69,24.18
ITEM000503,ORD000201,PROD00401,7,1657.96,80.13
ITEM000504,ORD000201,PROD00440,7,1954.82,17.37
ITEM000505,ORD000202,PROD00530,4,203.66,80.12
ITEM000506,ORD000202,PROD00517,10,1569.64,84.3
ITEM000507,ORD000202,PROD00267,3,1897.66,20.38
ITEM000508,ORD000203,PROD00027,10,310.33,61.81
ITEM000509,ORD000204,PROD00392,-2,1966.91,63.45
ITEM000510,ORD000205,PROD00192,4,597.36,53.54
ITEM000511,ORD000205,PROD00252,7,1541.93,65.93
ITEM000512,ORD000205,PROD00282,3,1256.74,63.84
ITEM000513,ORD000206,PROD00114,10,249.76,14.18
ITEM000514,ORD000207,PROD00185,8,1690.02,91.27
ITEM000515,ORD000207,PROD00213,8,1591.91,41.37
ITEM000516,ORD000207,PROD00499,2,424.54,41.99
ITEM000517,ORD000208,PROD00462,3,601.02,90.36
ITEM000518,ORD000208,PROD00033,6,1987.51,48.39
ITEM000519,ORD000208,PROD00006,5,1853.53,19.28
ITEM000520,ORD000209,PROD00024,3,436.53,36.49
ITEM000521,ORD000210,PROD00031,4,171.47,69.16
ITEM000522,ORD000210,PROD00130,8,402.48,9.2
ITEM000523,ORD000211,PROD00479,8,874.94,94.63
ITEM000524,ORD000211,PROD00198,4,1375.68,88.73
ITEM000525,ORD000211,PROD00288,2,1169.38,76.64
ITEM000526,ORD000212,PROD00170,8,869.78,44.62
ITEM000527,ORD000212,PROD00279,10,219.58,38.3
ITEM000528,ORD000212,PROD00205,6,1796.3,81.93
ITEM000529,ORD000213,PROD00172,9,509.86,40.98
ITEM000530,ORD000213,PROD00361,2,363.91,32.27
ITEM000531,ORD000213,PROD00191,2,434.29,37.17
ITEM000532,ORD000213,PROD00149,2,24.22,68.83
ITEM000533,ORD000214,PROD00219,6,1797.99,56.16
ITEM000534,ORD000214,PROD00395,4,1056.89,10.29
ITEM000535,ORD000214,PROD00285,2,1150.03,64.63
ITEM000536,ORD000215,PROD00326,4,398.26,80.27
ITEM000537,ORD000215,PROD00511,5,845.37,12.41
ITEM000538,ORD000215,PROD00176,10,768.8,57.64
ITEM000539,ORD000215,PROD00292,-5,1975.97,91.16
ITEM000540,ORD000216,PROD00135,7,78.83,53.35
ITEM000541,ORD000216,PROD00041,1,143.56,9.51
ITEM000542,ORD000216,PROD00426,5,637.79,34.58
ITEM000543,ORD000217,PROD00321,1,789.69,69.65
ITEM000544,ORD000218,PROD00506,2,1686.94,93.77
ITEM000545,ORD000218,PROD00106,-1,1651.79,13.87
ITEM000546,ORD000218,PROD00331,7,456.55,8.8
ITEM000547,ORD000218,PROD00378,9,1979.18,93.41
ITEM000548,ORD000219,PROD00266,1,226.05,94.71
ITEM000549,ORD000220,PROD00271,10,1584.3,37.96
ITEM000550,ORD000221,PROD00142,2,256.95,86.19
ITEM000551,ORD000221,PROD00424,2,1045.92,24.05
ITEM000552,ORD000222,PROD00502,6,1546.42,48.27
ITEM000553,ORD000222,PROD00095,5,1424.21,35.3
ITEM000554,ORD000222,PROD00249,4,1391.46,7.51
ITEM000555,ORD000222,PROD00507,1,1342.65,46.82
ITEM000556,ORD000223,PROD00193,6,421.28,59.05
ITEM000557,ORD000223,PROD00527,5,1418.48,65.53
ITEM000558,ORD000223,PROD00517,3,441.48,36.36
ITEM000559,ORD000223,PROD00464,9,410.03,40.02
ITEM000560,ORD000224,PROD00285,5,1903.23,57.72
ITEM000561,ORD000225,PROD00151,2,1491.33,24.06
ITEM000562,ORD000226,PROD00192,8,1325.46,45.26
ITEM000563,ORD000226,PROD00272,9,172.71,43.15
ITEM000564,ORD000226,PROD00155,7,1018.31,5.32
ITEM000565,ORD000226,PROD00280,1,1299.0,73.2
ITEM000566,ORD000227,PROD00199,7,357.41,27.59
ITEM000567,ORD000227,PROD00506,2,1363.92,64.63
ITEM000568,ORD000227,PROD00114,1,1790.64,57.52
ITEM000569,ORD000227,PROD00245,2,554.54,88.26
ITEM000570,ORD000228,PROD00402,4,1469.18,87.95
ITEM000571,ORD000228,PROD00275,3,1572.53,34.76
ITEM000572,ORD000228,PROD00295,5,1469.1,9.42
ITEM000573,ORD000228,PROD00516,10,956.13,30.53
ITEM000574,ORD000229,PROD00175,2,337.46,33.22
ITEM000575,ORD000229,PROD00467,1,1333.73,42.79
ITEM000576,ORD000230,PROD00182,2,345.6,76.03
ITEM000577,ORD000231,PROD00361,10,7.01,87.32
ITEM000578,ORD000232,PROD00113,1,1136.7,99.04
ITEM000579,ORD000232,PROD00234,3,1511.21,77.53
ITEM000580,ORD000232,PROD00103,6,907.97,73.48
ITEM000581,ORD000232,PROD00264,5,731.76,1.36
ITEM000582,ORD000233,PROD00309,9,1550.18,85.7
ITEM000583,ORD000233,PROD00496,9,1457.79,2.07
ITEM000584,ORD000233,PROD00421,3,717.6,3.09
ITEM000585,ORD000234,PROD00369,2,391.72,95.48
ITEM000586,ORD000234,PROD00111,9,1798.95,44.93
ITEM000587,ORD000234,PROD00540,6,1776.55,39.1
ITEM000588,ORD000234,PROD00428,5,622.1,4.11
ITEM000589,ORD000235,PROD00126,8,1135.49,79.25
ITEM000590,ORD000235,PROD00356,1,1000.36,68.55
ITEM000591,ORD000235,PROD00478,9,1933.51,62.38
ITEM000592,ORD000236,PROD00311,2,1600.57,1.56
ITEM000593,ORD000236,PROD00042,10,251.25,48.84
ITEM000594,ORD000237,PROD00441,1,104.55,13.77
ITEM000595,ORD000238,PROD00515,9,314.3,8.6
ITEM000596,ORD000238,PROD00278,4,866.94,91.83
ITEM000597,ORD000238,PROD00298,8,1866.2,24.87
ITEM000598,ORD000239,PROD00433,2,1786.6,92.02
ITEM000599,ORD000239,PROD00319,7,1359.45,32.25
ITEM000600,ORD000239,PROD00143,4,503.79,41.63
ITEM000601,ORD000239,PROD00205,2,598.18,92.71
ITEM000602,ORD000240,PROD00188,7,196.6,52.66
ITEM000603,ORD000240,PROD00321,6,939.42,42.77
ITEM000604,ORD000240,PROD00431,8,60.21,55.89
ITEM000605,ORD000240,PROD00432,3,1232.34,30.24
ITEM000606,ORD000241,PROD00525,10,1088.82,56.56
ITEM000607,ORD000241,PROD00301,7,256.24,67.01
ITEM000608,ORD000242,PROD00531,1,173.89,27.02
ITEM000609,ORD000242,PROD00110,2,1644.77,56.54
ITEM000610,ORD000242,PROD00340,2,1482.24,67.44
ITEM000611,ORD000242,PROD00055,9,292.58,74.04
ITEM000612,ORD000243,PROD00140,3,605.28,31.09
ITEM000613,ORD000243,PROD00007,10,1377.11,11.47
ITEM000614,ORD000243,PROD00001,2,1042.05,24.72
ITEM000615,ORD000243,PROD00107,9,890.41,5.57
ITEM000616,ORD000244,PROD00308,3,1641.44,84.17
ITEM000617,ORD000245,PROD00450,10,250.78,14.62
ITEM000618,ORD000245,PROD00023,4,345.7,74.17
ITEM000619,ORD000245,PROD00206,5,582.45,10.0
ITEM000620,ORD000246,PROD00377,7,774.71,79.99
ITEM000621,ORD000246,PROD00476,7,300.59,28.34
ITEM000622,ORD000246,PROD00124,1,1163.17,3.41
ITEM000623,ORD000246,PROD00456,6,1925.78,46.79
ITEM000624,ORD000247,PROD00284,-2,718.71,85.58
ITEM000625,ORD000247,PROD00516,9,784.3,6.28
ITEM000626,ORD000247,PROD00156,10,681.89,71.52
ITEM000627,ORD000247,PROD00144,5,1847.34,6.82
ITEM000628,ORD000248,PROD00386,10,1319.65,57.6
ITEM000629,ORD000248,PROD00520,9,522.16,69.78
ITEM000630,ORD000248,PROD00357,7,139.8,2.95
ITEM000631,ORD000248,PROD00163,2,1001.37,67.93
ITEM000632,ORD000249,PROD00238,4,215.34,88.08
ITEM000633,ORD000249,PROD00394,7,1845.14,6.19
ITEM000634,ORD000249,PROD00257,2,885.85,37.43
ITEM000635,ORD000250,PROD00179,8,758.37,98.89
ITEM000636,ORD000251,PROD00201,8,1359.3,22.55
ITEM000637,ORD000251,PROD00166,9,1618.3,19.23
ITEM000638,ORD000252,PROD00099,3,1787.12,35.96
ITEM000639,ORD000253,PROD00074,9,994.87,83.24
ITEM000640,ORD000253,PROD00486,6,1238.87,55.87
ITEM000641,ORD000253,PROD00142,8,857.89,37.61
ITEM000642,ORD000253,PROD00073,3,1565.86,29.82
ITEM000643,ORD000254,PROD00511,10,1083.37,2.25
ITEM000644,ORD000255,PROD00258,6,140.57,87.15
ITEM000645,ORD000255,PROD00295,10,486.59,51.78
ITEM000646,ORD000255,PROD00513,10,118.01,69.75
ITEM000647,ORD000256,PROD00483,5,1308.2,3.23
ITEM000648,ORD000257,PROD00268,1,282.88,54.71
ITEM000649,ORD000257,PROD00338,1,475.06,7.29
ITEM000650,ORD000257,PROD00037,2,1900.07,59.81
ITEM000651,ORD000257,PROD00083,8,1893.47,27.05
ITEM000652,ORD000258,PROD00107,9,454.36,35.03
ITEM000653,ORD000259,PROD00311,4,47.78,5.54
ITEM000654,ORD000259,PROD00201,7,1365.47,73.79
ITEM000655,ORD000259,PROD00494,7,1392.4,42.97
ITEM000656,ORD000259,PROD00438,2,878.72,89.71
ITEM000657,ORD000260,PROD00361,7,1836.55,23.82
ITEM000658,ORD000260,PROD00095,4,829.07,75.26
ITEM000659,ORD000260,PROD00047,1,1747.15,24.99
ITEM000660,ORD000261,PROD00079,8,365.28,4.37
ITEM000661,ORD000262,PROD00251,3,1214.22,47.87
ITEM000662,ORD000262,PROD00126,2,504.15,54.36
ITEM000663,ORD000262,PROD00507,6,1795.79,85.88
ITEM000664,ORD000263,PROD00310,9,588.9,65.36
ITEM000665,ORD000263,PROD00540,6,1397.05,50.34
ITEM000666,ORD000263,PROD00056,7,1412.48,62.19
ITEM000667,ORD000263,PROD00287,3,1683.64,52.1
ITEM000668,ORD000264,PROD00216,3,76.56,23.51
ITEM000669,ORD000264,PROD00451,8,1906.32,2.13
ITEM000670,ORD000264,PROD00035,10,771.43,82.72
ITEM000671,ORD000265,PROD00062,10,770.95,1.88
ITEM000672,ORD000266,PROD00394,4,415.43,18.44
ITEM000673,ORD000266,PROD00442,5,67.46,76.3
ITEM000674,ORD000266,PROD00027,6,1845.78,90.74
ITEM000675,ORD000266,PROD00222,6,1452.94,62.15
ITEM000676,ORD000267,PROD00059,9,779.28,72.13
ITEM000677,ORD000267,PROD00295,9,929.69,57.26
ITEM000678,ORD000267,PROD00532,7,937.33,99.26
ITEM000679,ORD000267,PROD00244,1,565.0,68.26
ITEM000680,ORD000268,PROD00088,9,595.17,57.11
ITEM000681,ORD000268,PROD00040,6,541.15,25.05
ITEM000682,ORD000268,PROD00013,10,1323.25,83.6
ITEM000683,ORD000269,PROD00455,8,22.7,3.7
ITEM000684,ORD000269,PROD00368,9,439.6,5.86
ITEM000685,ORD000270,PROD00284,9,631.48,6.4
ITEM000686,ORD000271,PROD00265,5,522.78,49.49
ITEM000687,ORD000271,PROD00233,3,1743.12,65.6
ITEM000688,ORD000272,PROD00118,3,1370.46,86.06
ITEM000689,ORD000272,PROD00325,4,126.32,71.45
ITEM000690,ORD000273,PROD00264,-3,1083.18,4.47
ITEM000691,ORD000273,PROD00241,2,1016.34,11.32
ITEM000692,ORD000273,PROD00080,6,1142.88,82.91
ITEM000693,ORD000274,PROD00074,5,290.44,32.65
ITEM000694,ORD000274,PROD00369,7,1795.3,37.47
ITEM000695,ORD000274,PROD00302,3,739.76,29.09
ITEM000696,ORD000274,PROD00154,1,216.93,21.15
ITEM000697,ORD000275,PROD00524,9,1568.02,71.28
ITEM000698,ORD000275,PROD00221,10,70.04,72.63
ITEM000699,ORD000275,PROD00391,2,1910.58,95.86
ITEM000700,ORD000276,PROD00516,9,1469.23,53.9
ITEM000701,ORD000276,PROD00125,9,1597.42,60.71
ITEM000702,ORD000277,PROD00325,10,589.67,24.4
ITEM000703,ORD000277,PROD00249,6,465.63,31.48
ITEM000704,ORD000277,PROD00119,8,1466.93,88.02
ITEM000705,ORD000277,PROD00371,9,1013.76,91.46
ITEM000706,ORD000278,PROD00236,7,463.38,82.78
ITEM000707,ORD000278,PROD00129,4,1554.01,40.76
ITEM000708,ORD000278,PROD00142,5,686.44,11.8
ITEM000709,ORD000278,PROD00419,3,1154.14,63.26
ITEM000710,ORD000279,PROD00185,1,337.71,41.86
ITEM000711,ORD000279,PROD00482,3,1739.57,83.39
ITEM000712,ORD000280,PROD00171,3,1032.22,52.93
ITEM000713,ORD000281,PROD00433,7,1395.37,24.14
ITEM000714,ORD000281,PROD00301,6,1185.0,61.66
ITEM000715,ORD000281,PROD00047,6,1900.09,91.07
ITEM000716,ORD000281,PROD00461,7,582.14,47.71
ITEM000717,ORD000282,PROD00188,10,1833.1,93.66
ITEM000718,ORD000282,PROD00086,1,1189.14,36.99
ITEM000719,ORD000283,PROD00389,3,1019.79,58.81
ITEM000720,ORD000283,PROD00100,8,685.53,56.41
ITEM000721,ORD000283,PROD00538,7,574.09,38.41
ITEM000722,ORD000283,PROD00183,1,1628.9,73.46
ITEM000723,ORD000284,PROD00441,10,1759.77,31.44
ITEM000724,ORD000284,PROD00356,2,579.25,48.66
ITEM000725,ORD000285,PROD00174,5,1977.67,75.35
ITEM000726,ORD000285,PROD00238,3,196.47,55.22
ITEM000727,ORD000286,PROD00029,1,1919.91,53.98
ITEM000728,ORD000286,PROD00200,-1,742.23,28.18
ITEM000729,ORD000287,PROD00456,8,593.41,10.96
ITEM000730,ORD000287,PROD00123,7,989.04,8.69
ITEM000731,ORD000287,PROD00141,2,1937.04,80.36
ITEM000732,ORD000287,PROD00228,6,317.67,33.53
ITEM000733,ORD000288,PROD00526,2,1415.09,31.48
ITEM000734,ORD000288,PROD00040,9,638.47,84.14
ITEM000735,ORD000288,PROD00037,1,495.6,58.63
ITEM000736,ORD000288,PROD00226,5,942.88,48.45
ITEM000737,ORD000289,PROD00509,4,1271.37,8.87
ITEM000738,ORD000289,PROD00529,4,11.38,6.73
ITEM000739,ORD000290,PROD00183,5,1228.69,63.1
ITEM000740,ORD000290,PROD00241,8,1063.27,95.43
ITEM000741,ORD000291,PROD00238,8,982.99,63.0
ITEM000742,ORD000291,PROD00366,5,197.58,11.24
ITEM000743,ORD000291,PROD00295,8,654.17,66.24
ITEM000744,ORD000292,PROD00181,6,1322.92,34.76
ITEM000745,ORD000293,PROD00132,8,1681.04,86.4
ITEM000746,ORD000293,PROD00422,1,585.41,50.75
ITEM000747,ORD000293,PROD00419,6,526.9,31.76
ITEM000748,ORD000293,PROD00401,7,800.37,91.24
ITEM000749,ORD000294,PROD00498,6,1274.35,4.56
ITEM000750,ORD000294,PROD00459,10,1751.87,53.6
ITEM000751,ORD000294,PROD00113,10,1223.45,12.92
ITEM000752,ORD000295,PROD00022,2,1561.96,33.33
ITEM000753,ORD000296,PROD00065,9,424.87,53.55
ITEM000754,ORD000296,PROD00161,7,1720.15,22.93
ITEM000755,ORD000296,PROD00166,6,829.72,55.3
ITEM000756,ORD000297,PROD00014,1,1511.47,52.66
ITEM000757,ORD000297,PROD00514,8,89.36,28.31
ITEM000758,ORD000298,PROD00236,4,72.39,74.99
ITEM000759,ORD000299,PROD00411,5,1724.66,7.65
ITEM000760,ORD000299,PROD00517,7,45.21,74.27
ITEM000761,ORD000299,PROD00156,10,1586.28,19.43
ITEM000762,ORD000299,PROD00320,7,1027.15,2.34
ITEM000763,ORD000300,PROD00470,5,1938.68,57.62
ITEM000764,ORD000300,PROD00386,2,448.39,40.63
ITEM000765,ORD000300,PROD00286,9,1015.65,38.24
ITEM000766,ORD000301,PROD00404,9,1430.58,45.23
ITEM000767,ORD000301,PROD00026,4,896.94,47.68
ITEM000768,ORD000301,PROD00112,6,291.82,62.99
ITEM000769,ORD000301,PROD00086,3,419.33,94.21
ITEM000770,ORD000302,PROD00086,10,1676.95,52.34
ITEM000771,ORD000302,PROD00239,8,507.79,31.15
ITEM000772,ORD000303,PROD00155,10,1199.47,87.14
ITEM000773,ORD000303,PROD00275,9,1590.42,54.56
ITEM000774,ORD000303,PROD00321,4,647.07,70.89
ITEM000775,ORD000304,PROD00108,2,754.49,75.69
ITEM000776,ORD000305,PROD00533,3,398.75,86.97
ITEM000777,ORD000305,PROD00117,7,992.89,62.62
ITEM000778,ORD000306,PROD00144,9,839.2,0.93
ITEM000779,ORD000306,PROD00121,5,1441.29,88.02
ITEM000780,ORD000306,PROD00278,10,1779.64,56.38
ITEM000781,ORD000306,PROD00170,9,1371.62,80.28
ITEM000782,ORD000307,PROD00532,8,928.45,93.62
ITEM000783,ORD000307,PROD00139,8,24.59,41.63
ITEM000784,ORD000307,PROD00154,1,627.12,18.77
ITEM000785,ORD000308,PROD00470,1,1251.82,59.45
ITEM000786,ORD000309,PROD00359,4,693.19,1.41
ITEM000787,ORD000310,PROD00282,7,1171.01,30.58
ITEM000788,ORD000310,PROD00413,9,1084.33,65.94
ITEM000789,ORD000311,PROD00157,4,563.57,26.29
ITEM000790,ORD000312,PROD00130,10,1291.44,38.29
ITEM000791,ORD000313,PROD00485,1,1567.81,98.91
ITEM000792,ORD000313,PROD00094,10,297.25,16.48
ITEM000793,ORD000313,PROD00001,1,278.26,80.72
ITEM000794,ORD000314,PROD00484,9,1521.21,24.08
ITEM000795,ORD000314,PROD00403,7,1413.96,35.5
ITEM000796,ORD000314,PROD00535,2,1767.15,84.22
ITEM000797,ORD000314,PROD00171,5,1424.14,83.99
ITEM000798,ORD000315,PROD00502,5,1372.31,55.79
ITEM000799,ORD000315,PROD00446,3,55.46,36.57
ITEM000800,ORD000315,PROD00478,6,1458.34,21.38
ITEM000801,ORD000315,PROD00196,3,1866.72,99.54
ITEM000802,ORD000316,PROD00453,4,16.2,31.04
ITEM000803,ORD000316,PROD00097,5,1008.07,1.3
ITEM000804,ORD000317,PROD00035,8,799.6,99.57
ITEM000805,ORD000317,PROD00260,1,1942.43,82.33
ITEM000806,ORD000317,PROD00483,8,983.15,47.34
ITEM000807,ORD000318,PROD00040,10,1789.06,15.32
ITEM000808,ORD000319,PROD00135,2,116.82,63.75
ITEM000809,ORD000319,PROD00064,9,558.57,85.26
ITEM000810,ORD000320,PROD00341,6,1795.98,16.92
ITEM000811,ORD000321,PROD00529,-4,835.68,66.77
ITEM000812,ORD000321,PROD00063,9,299.29,26.66
ITEM000813,ORD000321,PROD00177,5,1219.02,68.87
ITEM000814,ORD000322,PROD00178,1,625.77,56.06
ITEM000815,ORD000322,PROD00121,10,1673.03,8.61
ITEM000816,ORD000322,PROD00475,2,369.09,8.64
ITEM000817,ORD000322,PROD00326,1,1534.61,78.87
ITEM000818,ORD000323,PROD00384,4,619.03,68.09
ITEM000819,ORD000323,PROD00196,3,624.42,37.93
ITEM000820,ORD000324,PROD00183,10,634.5,22.6
ITEM000821,ORD000324,PROD00193,4,358.34,29.49
ITEM000822,ORD000324,PROD00451,8,713.53,36.36
ITEM000823,ORD000325,PROD00175,10,774.43,53.79
ITEM000824,ORD000325,PROD00216,7,697.11,81.09
ITEM000825,ORD000325,PROD00296,9,1105.46,74.31
ITEM000826,ORD000325,PROD00276,4,520.14,46.77
ITEM000827,ORD000326,PROD00119,3,953.04,46.72
ITEM000828,ORD000327,PROD00382,10,1803.04,32.24
ITEM000829,ORD000327,PROD00108,1,321.71,47.55
ITEM000830,ORD000327,PROD00345,2,378.29,35.8
ITEM000831,ORD000328,PROD00479,1,880.82,61.66
ITEM000832,ORD000328,PROD00446,8,1669.02,25.26
ITEM000833,ORD000329,PROD00346,7,603.85,97.08
ITEM000834,ORD000329,PROD00240,9,220.17,42.59
ITEM000835,ORD000329,PROD00276,7,1188.19,16.4
ITEM000836,ORD000330,PROD00308,9,400.93,97.24
ITEM000837,ORD000330,PROD00143,6,1578.2,5.38
ITEM000838,ORD000331,PROD00317,3,1603.97,45.87
ITEM000839,ORD000332,PROD00472,-2,404.81,17.21
ITEM000840,ORD000332,PROD00315,4,1716.24,43.65
ITEM000841,ORD000333,PROD00158,6,14.86,15.93
ITEM000842,ORD000333,PROD00103,7,1399.07,91.28
ITEM000843,ORD000334,PROD00475,2,778.21,31.84
ITEM000844,ORD000334,PROD00137,6,1796.55,81.98
ITEM000845,ORD000334,PROD00435,9,147.96,48.83
ITEM000846,ORD000334,PROD00028,10,360.43,23.52
ITEM000847,ORD000335,PROD00349,1,1223.08,75.17
ITEM000848,ORD000335,PROD00080,3,1002.4,4.42
ITEM000849,ORD000335,PROD00310,6,771.21,17.99
ITEM000850,ORD000336,PROD00292,8,74.48,95.85
ITEM000851,ORD000336,PROD00432,7,1366.27,83.42
ITEM000852,ORD000337,PROD00085,2,1313.46,40.45
ITEM000853,ORD000337,PROD00013,3,1151.49,38.4
ITEM000854,ORD000337,PROD00466,-4,847.8,5.45
ITEM000855,ORD000337,PROD00436,2,1209.25,80.24
ITEM000856,ORD000338,PROD00515,8,1425.49,84.42
ITEM000857,ORD000338,PROD00374,3,1961.57,53.17
ITEM000858,ORD000338,PROD00393,2,305.02,33.71
ITEM000859,ORD000338,PROD00265,10,1456.62,45.5
ITEM000860,ORD000339,PROD00476,2,1736.45,46.03
ITEM000861,ORD000340,PROD00379,6,1351.62,76.68
ITEM000862,ORD000341,PROD00274,6,837.04,44.68
ITEM000863,ORD000342,PROD00037,6,1465.15,53.13
ITEM000864,ORD000342,PROD00406,2,1072.3,12.61
ITEM000865,ORD000342,PROD00149,7,1785.97,34.54
ITEM000866,ORD000343,PROD00250,9,1140.29,4.06
ITEM000867,ORD000343,PROD00335,3,1220.66,72.38
ITEM000868,ORD000343,PROD00104,2,678.86,63.67
ITEM000869,ORD000343,PROD00310,1,371.94,74.68
ITEM000870,ORD000344,PROD00444,4,1143.94,99.49
ITEM000871,ORD000345,PROD00051,8,434.34,93.55
ITEM000872,ORD000345,PROD00282,3,557.32,67.14
ITEM000873,ORD000346,PROD00186,5,15.08,20.71
ITEM000874,ORD000346,PROD00425,5,537.77,59.91
ITEM000875,ORD000346,PROD00326,4,41.06,32.46
ITEM000876,ORD000346,PROD00066,10,1654.82,58.79
ITEM000877,ORD000347,PROD00399,9,30.07,34.06
ITEM000878,ORD000347,PROD00355,3,926.59,74.26
ITEM000879,ORD000347,PROD00216,3,1347.61,25.57
ITEM000880,ORD000348,PROD00081,9,1969.97,8.31
ITEM000881,ORD000349,PROD00312,6,905.74,46.74
ITEM000882,ORD000349,PROD00160,3,1250.41,56.49
ITEM000883,ORD000349,PROD00426,1,1504.02,28.39
ITEM000884,ORD000350,PROD00241,9,267.74,60.71
ITEM000885,ORD000350,PROD00127,4,426.55,11.06
ITEM000886,ORD000350,PROD00297,3,1534.91,98.44
ITEM000887,ORD000350,PROD00411,6,1503.81,41.82
ITEM000888,ORD000351,PROD00328,2,1330.15,68.68
ITEM000889,ORD000351,PROD00326,9,787.39,85.91
ITEM000890,ORD000351,PROD00507,5,1653.15,44.95
ITEM000891,ORD000352,PROD00410,9,1660.58,76.29
ITEM000892,ORD000352,PROD00177,2,769.79,65.31
ITEM000893,ORD000353,PROD00421,1,1239.66,13.86
ITEM000894,ORD000353,PROD00516,10,1143.32,40.88
ITEM000895,ORD000353,PROD00024,4,337.09,62.55
ITEM000896,ORD000353,PROD00094,1,1487.22,88.35
ITEM000897,ORD000354,PROD00524,3,918.25,72.31
ITEM000898,ORD000354,PROD00246,4,648.83,29.3
ITEM000899,ORD000354,PROD00032,8,921.09,68.37
ITEM000900,ORD000354,PROD00455,3,1945.75,50.02
ITEM000901,ORD000355,PROD00340,3,493.5,72.2
ITEM000902,ORD000356,PROD00008,7,1734.79,99.55
ITEM000903,ORD000357,PROD00073,5,1767.3,53.73
ITEM000904,ORD000357,PROD00025,1,589.46,39.84
ITEM000905,ORD000357,PROD00041,9,1260.39,44.0
ITEM000906,ORD000357,PROD00128,5,1517.09,57.98
ITEM000907,ORD000358,PROD00174,6,288.19,24.31
ITEM000908,ORD000359,PROD00216,6,1285.86,7.41
ITEM000909,ORD000359,PROD00504,5,688.17,68.92
ITEM000910,ORD000359,PROD00339,5,1138.62,59.44
ITEM000911,ORD000359,PROD00144,5,56.75,88.02
ITEM000912,ORD000360,PROD00299,3,1137.44,30.47
ITEM000913,ORD000360,PROD00451,3,1488.75,69.51
ITEM000914,ORD000360,PROD00151,7,518.32,22.79
ITEM000915,ORD000361,PROD00311,1,522.55,72.11
ITEM000916,ORD000361,PROD00530,10,1800.51,97.24
ITEM000917,ORD000362,PROD00514,6,759.07,92.61
ITEM000918,ORD000362,PROD00174,8,354.9,89.71
ITEM000919,ORD000363,PROD00067,5,416.83,15.01
ITEM000920,ORD000364,PROD00202,8,1140.97,63.86
ITEM000921,ORD000365,PROD00537,4,730.3,3.28
ITEM000922,ORD000366,PROD00338,5,1108.8,53.48
ITEM000923,ORD000367,PROD00058,9,499.7,25.61
ITEM000924,ORD000368,PROD00251,8,358.97,97.94
ITEM000925,ORD000368,PROD00273,2,1487.51,73.33
ITEM000926,ORD000369,PROD00136,1,419.43,24.39
ITEM000927,ORD000370,PROD00476,1,641.12,63.39
ITEM000928,ORD000370,PROD00202,8,171.36,19.74
ITEM000929,ORD000370,PROD00221,5,1140.81,58.17
ITEM000930,ORD000370,PROD00115,8,1555.9,19.48
ITEM000931,ORD000371,PROD00001,7,1204.7,49.26
ITEM000932,ORD000371,PROD00181,8,1030.83,95.14
ITEM000933,ORD000371,PROD00307,9,501.8,27.53
ITEM000934,ORD000371,PROD00516,8,227.38,75.66
ITEM000935,ORD000372,PROD00500,-5,943.66,16.31
ITEM000936,ORD000372,PROD00068,5,193.66,86.2
ITEM000937,ORD000373,PROD00188,2,1526.89,21.32
ITEM000938,ORD000373,PROD00514,9,946.39,68.47
ITEM000939,ORD000373,PROD00216,3,650.91,19.19
ITEM000940,ORD000374,PROD00176,10,1326.87,32.57
ITEM000941,ORD000374,PROD00529,10,1578.55,77.98
ITEM000942,ORD000374,PROD00276,5,946.6,85.62
ITEM000943,ORD000374,PROD00311,5,670.78,35.39
ITEM000944,ORD000375,PROD00461,10,790.12,41.71
ITEM000945,ORD000375,PROD00414,7,710.46,80.54
ITEM000946,ORD000375,PROD00468,1,1637.97,20.22
ITEM000947,ORD000376,PROD00302,1,647.08,79.09
ITEM000948,ORD000376,PROD00334,4,1595.96,61.76
ITEM000949,ORD000376,PROD00451,2,153.48,16.04
ITEM000950,ORD000377,PROD00482,1,1563.55,39.01
ITEM000951,ORD000377,PROD00499,10,1174.3,5.93
ITEM000952,ORD000377,PROD00058,5,1078.1,43.81
ITEM000953,ORD000377,PROD00292,3,1762.3,7.4
ITEM000954,ORD000378,PROD00156,10,601.22,20.0
ITEM000955,ORD000378,PROD00091,6,1147.6,76.28
ITEM000956,ORD000378,PROD00267,5,1380.69,14.05
ITEM000957,ORD000378,PROD00070,6,1914.61,36.12
ITEM000958,ORD000379,PROD00220,8,459.23,36.22
ITEM000959,ORD000379,PROD00204,5,514.44,74.77
ITEM000960,ORD000379,PROD00024,7,857.53,80.61
ITEM000961,ORD000379,PROD00050,1,1826.4,51.23
ITEM000962,ORD000380,PROD00448,9,1746.8,32.71
ITEM000963,ORD000381,PROD00290,2,1470.2,56.53
ITEM000964,ORD000381,PROD00116,9,1693.37,8.77
ITEM000965,ORD000381,PROD00480,4,1505.06,76.71
ITEM000966,ORD000381,PROD00442,8,905.32,88.05
ITEM000967,ORD000382,PROD00339,10,682.92,52.77
ITEM000968,ORD000382,PROD00443,7,1151.6,0.64
ITEM000969,ORD000383,PROD00020,-3,857.16,25.89
ITEM000970,ORD000383,PROD00229,6,1067.07,65.36
ITEM000971,ORD000383,PROD00206,10,1851.09,89.32
ITEM000972,ORD000383,PROD00157,3,416.26,18.16
ITEM000973,ORD000384,PROD00041,9,700.3,6.93
ITEM000974,ORD000385,PROD00236,4,609.34,42.43
ITEM000975,ORD000385,PROD00278,4,1545.83,2.73
ITEM000976,ORD000385,PROD00451,7,55.72,86.75
ITEM000977,ORD000386,PROD00390,8,801.36,20.56
ITEM000978,ORD000386,PROD00390,2,190.24,17.51
ITEM000979,ORD000387,PROD00167,2,1881.69,74.06
ITEM000980,ORD000388,PROD00325,4,1970.38,79.98
ITEM000981,ORD000388,PROD00369,9,228.42,45.7
ITEM000982,ORD000388,PROD00008,7,803.62,85.75
ITEM000983,ORD000389,PROD00370,2,871.13,84.78
ITEM000984,ORD000389,PROD00308,2,1302.61,81.02
ITEM000985,ORD000389,PROD00483,-3,1460.61,89.73
ITEM000986,ORD000390,PROD00145,3,1131.34,12.79
ITEM000987,ORD000391,PROD00144,1,127.06,80.24
ITEM000988,ORD000391,PROD00301,7,1647.39,41.92
ITEM000989,ORD000392,PROD00532,3,733.31,92.5
ITEM000990,ORD000392,PROD00167,-2,615.6,62.53
ITEM000991,ORD000393,PROD00329,-1,666.51,88.88
ITEM000992,ORD000393,PROD00036,3,1827.59,4.65
ITEM000993,ORD000393,PROD00387,9,343.63,10.01
ITEM000994,ORD000394,PROD00229,2,229.26,47.57
ITEM000995,ORD000394,PROD00426,9,883.63,85.69
ITEM000996,ORD000394,PROD00001,8,1799.6,25.69
ITEM000997,ORD000395,PROD00375,2,958.19,74.87
ITEM000998,ORD000395,PROD00201,9,263.97,94.23
ITEM000999,ORD000395,PROD00231,2,1435.95,28.23
ITEM001000,ORD000396,PROD00256,3,1461.41,30.11
ITEM001001,ORD000397,PROD00533,5,1520.99,13.17
ITEM001002,ORD000397,PROD00433,3,1160.84,93.46
ITEM001003,ORD000397,PROD00036,7,1265.6,79.42
ITEM001004,ORD000397,PROD00187,-1,1671.58,23.78
ITEM001005,ORD000398,PROD00331,-4,970.27,34.39
ITEM001006,ORD000398,PROD00416,4,909.12,26.28
ITEM001007,ORD000398,PROD00451,5,1312.64,51.45
ITEM001008,ORD000398,PROD00346,3,514.29,80.7
ITEM001009,ORD000399,PROD00468,6,1527.72,26.29
ITEM001010,ORD000399,PROD00375,1,1929.68,12.62
ITEM001011,ORD000399,PROD00233,2,244.95,71.27
ITEM001012,ORD000399,PROD00130,5,907.87,55.33
ITEM001013,ORD000400,PROD00517,9,393.78,84.0
ITEM001014,ORD000401,PROD00018,6,1053.52,77.99
ITEM001015,ORD000401,PROD00538,9,728.5,23.04
ITEM001016,ORD000402,PROD00384,3,1271.64,85.89
ITEM001017,ORD000402,PROD00232,3,1083.94,95.51
ITEM001018,ORD000403,PROD00208,7,596.51,90.1
ITEM001019,ORD000403,PROD00432,8,647.23,72.15
ITEM001020,ORD000403,PROD00308,-3,1418.14,66.81
ITEM001021,ORD000403,PROD00214,10,1190.0,6.68
ITEM001022,ORD000404,PROD00144,3,1530.36,80.7
ITEM001023,ORD000404,PROD00249,3,1293.94,39.1
ITEM001024,ORD000404,PROD00199,6,145.71,96.34
ITEM001025,ORD000404,PROD00283,7,251.33,73.97
ITEM001026,ORD000405,PROD00211,5,1522.37,1.08
ITEM001027,ORD000405,PROD00121,9,209.71,62.85
ITEM001028,ORD000406,PROD00238,5,1645.37,54.13
ITEM001029,ORD000406,PROD00466,6,1751.09,94.95
ITEM001030,ORD000406,PROD00042,5,230.11,46.65
ITEM001031,ORD000406,PROD00173,8,1518.13,22.46
ITEM001032,ORD000407,PROD00091,10,1919.67,86.51
ITEM001033,ORD000408,PROD00507,7,846.24,63.81
ITEM001034,ORD000408,PROD00287,5,1809.94,64.03
ITEM001035,ORD000409,PROD00430,5,1966.26,8.31
ITEM001036,ORD000409,PROD00104,8,489.27,49.5
ITEM001037,ORD000409,PROD00445,2,1994.62,82.63
ITEM001038,ORD000410,PROD00385,7,88.99,10.78
ITEM001039,ORD000410,PROD00101,2,1933.63,23.86
ITEM001040,ORD000410,PROD00432,1,697.87,78.81
ITEM001041,ORD000410,PROD00472,9,79.37,39.87
ITEM001042,ORD000411,PROD00027,3,53.17,94.59
ITEM001043,ORD000411,PROD00102,7,1604.78,72.91
ITEM001044,ORD000411,PROD00260,6,708.0,96.56
ITEM001045,ORD000411,PROD00284,1,652.4,69.91
ITEM001046,ORD000412,PROD00165,9,1298.33,74.07
ITEM001047,ORD000412,PROD00357,3,1690.22,85.66
ITEM001048,ORD000412,PROD00342,9,1481.02,83.62
ITEM001049,ORD000413,PROD00325,2,1828.77,9.04
ITEM001050,ORD000413,PROD00416,8,1280.75,75.66
ITEM001051,ORD000414,PROD00272,8,704.43,80.59
ITEM001052,ORD000414,PROD00371,3,648.91,11.15
ITEM001053,ORD000415,PROD00519,9,595.93,55.99
ITEM001054,ORD000415,PROD00183,2,401.25,9.05
ITEM001055,ORD000415,PROD00415,3,1433.2,53.28
ITEM001056,ORD000416,PROD00137,2,1690.79,73.63
ITEM001057,ORD000416,PROD00301,2,651.05,22.48
ITEM001058,ORD000416,PROD00042,3,1336.71,27.38
ITEM001059,ORD000416,PROD00507,4,494.48,22.58
ITEM001060,ORD000417,PROD00149,-2,1929.36,85.75
ITEM001061,ORD000417,PROD00495,7,1114.86,99.84
ITEM001062,ORD000418,PROD00423,9,1163.89,62.73
ITEM001063,ORD000418,PROD00397,6,1607.84,26.36
ITEM001064,ORD000419,PROD00374,4,643.71,35.71
ITEM001065,ORD000419,PROD00138,4,1592.14,57.9
ITEM001066,ORD000419,PROD00099,9,1418.17,53.54
ITEM001067,ORD000420,PROD00234,9,1643.05,22.4
ITEM001068,ORD000421,PROD00055,8,996.78,43.62
ITEM001069,ORD000421,PROD00176,-4,1120.2,5.75
ITEM001070,ORD000421,PROD00356,3,132.23,35.44
ITEM001071,ORD000422,PROD00259,1,1428.66,49.08
ITEM001072,ORD000422,PROD00137,4,1325.29,30.98
ITEM001073,ORD000422,PROD00312,10,1597.84,50.8
ITEM001074,ORD000423,PROD00148,10,632.34,0.68
ITEM001075,ORD000423,PROD00055,6,1176.96,77.46
ITEM001076,ORD000423,PROD00073,9,830.35,16.12
ITEM001077,ORD000423,PROD00200,10,1548.6,98.96
ITEM001078,ORD000424,PROD00031,8,1458.69,33.18
ITEM001079,ORD000424,PROD00097,10,1403.35,68.54
ITEM001080,ORD000425,PROD00391,3,1695.29,18.3
ITEM001081,ORD000425,PROD00319,7,1758.73,49.97
ITEM001082,ORD000425,PROD00189,4,457.15,98.56
ITEM001083,ORD000425,PROD00084,2,1050.12,2.04
ITEM001084,ORD000426,PROD00061,2,341.18,96.36
ITEM001085,ORD000427,PROD00005,5,60.17,90.51
ITEM001086,ORD000428,PROD00072,4,1274.78,49.82
ITEM001087,ORD000428,PROD00224,2,1744.83,91.26
ITEM001088,ORD000428,PROD00384,8,1414.2,87.97
ITEM001089,ORD000429,PROD00520,8,65.53,3.88
ITEM001090,ORD000429,PROD00124,5,1870.39,10.78
ITEM001091,ORD000430,PROD00531,2,997.81,60.35
ITEM001092,ORD000430,PROD00346,9,1664.38,78.41
ITEM001093,ORD000431,PROD00068,6,287.06,96.04
ITEM001094,ORD000432,PROD00193,1,719.85,91.66
ITEM001095,ORD000432,PROD00492,10,202.07,51.98
ITEM001096,ORD000432,PROD00329,10,1152.3,53.19
ITEM001097,ORD000432,PROD00404,4,568.71,13.55
ITEM001098,ORD000433,PROD00300,7,811.45,37.71
ITEM001099,ORD000433,PROD00503,-1,646.42,48.41
ITEM001100,ORD000434,PROD00314,5,1542.83,69.89
ITEM001101,ORD000434,PROD00043,2,617.7,58.75
ITEM001102,ORD000434,PROD00178,1,1070.91,4.72
ITEM001103,ORD000434,PROD00311,6,1928.55,5.24
ITEM001104,ORD000435,PROD00521,3,1019.95,68.11
ITEM001105,ORD000435,PROD00046,2,917.18,18.57
ITEM001106,ORD000435,PROD00227,2,1429.5,49.53
ITEM001107,ORD000435,PROD00016,7,416.03,68.94
ITEM001108,ORD000436,PROD00005,6,1968.88,98.71
ITEM001109,ORD000436,PROD00234,7,94.29,14.17
ITEM001110,ORD000436,PROD00253,5,1764.48,42.28
ITEM001111,ORD000437,PROD00210,5,821.36,1.02
ITEM001112,ORD000437,PROD00424,4,1634.37,48.82
ITEM001113,ORD000437,PROD00011,7,88.39,76.71
ITEM001114,ORD000438,PROD00229,2,234.98,90.22
ITEM001115,ORD000438,PROD00501,9,658.12,94.35
ITEM001116,ORD000439,PROD00408,5,572.99,57.01
ITEM001117,ORD000439,PROD00112,7,1646.64,88.4
ITEM001118,ORD000439,PROD00089,8,405.57,51.82
ITEM001119,ORD000440,PROD00481,2,461.15,83.31
ITEM001120,ORD000441,PROD00086,2,487.29,61.53
ITEM001121,ORD000441,PROD00449,8,1196.02,4.11
ITEM001122,ORD000442,PROD00216,1,1139.76,94.86
ITEM001123,ORD000442,PROD00350,5,1844.07,35.01
ITEM001124,ORD000443,PROD00058,3,1893.91,50.56
ITEM001125,ORD000443,PROD00231,4,675.1,72.12
ITEM001126,ORD000444,PROD00452,4,1205.31,28.78
ITEM001127,ORD000445,PROD00147,6,118.14,68.48
ITEM001128,ORD000445,PROD00420,1,1239.08,16.99
ITEM001129,ORD000446,PROD00380,2,1370.21,0.59
ITEM001130,ORD000446,PROD00004,7,1538.55,11.96
ITEM001131,ORD000446,PROD00230,1,1129.46,7.39
ITEM001132,ORD000447,PROD00396,10,776.6,91.02
ITEM001133,ORD000447,PROD00244,10,503.83,98.01
ITEM001134,ORD000447,PROD00466,3,911.18,87.94
ITEM001135,ORD000447,PROD00230,3,1926.26,38.85
ITEM001136,ORD000448,PROD00165,1,866.31,29.99
ITEM001137,ORD000448,PROD00044,9,1704.11,98.75
ITEM001138,ORD000448,PROD00129,6,420.16,40.58
ITEM001139,ORD000449,PROD00472,8,1904.99,46.35
ITEM001140,ORD000449,PROD00346,7,270.56,52.99
ITEM001141,ORD000449,PROD00252,4,1138.93,94.8
ITEM001142,ORD000449,PROD00373,9,1725.57,79.21
ITEM001143,ORD000450,PROD00315,3,943.11,54.28
ITEM001144,ORD000450,PROD00464,10,827.18,19.94
ITEM001145,ORD000450,PROD00346,3,1321.0,93.71
ITEM001146,ORD000451,PROD00185,1,1389.47,38.6
ITEM001147,ORD000451,PROD00177,10,1539.63,64.12
ITEM001148,ORD000451,PROD00203,6,939.82,86.8
ITEM001149,ORD000451,PROD00134,8,635.85,93.3
ITEM001150,ORD000452,PROD00100,2,47.82,92.02
ITEM001151,ORD000453,PROD00340,6,1863.47,35.67
ITEM001152,ORD000454,PROD00219,2,729.07,90.92
ITEM001153,ORD000454,PROD00458,3,583.03,10.15
ITEM001154,ORD000455,PROD00156,2,1066.95,61.83
ITEM001155,ORD000455,PROD00163,8,1401.23,28.12
ITEM001156,ORD000456,PROD00117,3,1818.82,9.71
ITEM001157,ORD000456,PROD00041,7,948.26,47.69
ITEM001158,ORD000457,PROD00372,10,1145.96,44.73
ITEM001159,ORD000458,PROD00504,10,690.94,33.98
ITEM001160,ORD000459,PROD00379,3,1249.94,67.74
ITEM001161,ORD000460,PROD00114,4,1923.34,32.07
ITEM001162,ORD000460,PROD00086,8,36.83,89.1
ITEM001163,ORD000461,PROD00174,5,388.09,28.02
ITEM001164,ORD000461,PROD00533,1,981.77,90.58
ITEM001165,ORD000461,PROD00054,5,529.91,99.62
ITEM001166,ORD000461,PROD00346,8,1320.52,33.29
ITEM001167,ORD000462,PROD00134,10,26.3,57.37
ITEM001168,ORD000463,PROD00390,8,763.13,3.6
ITEM001169,ORD000463,PROD00277,6,736.75,51.26
ITEM001170,ORD000463,PROD00435,6,269.02,34.62
ITEM001171,ORD000464,PROD00198,5,171.2,44.99
ITEM001172,ORD000464,PROD00087,6,1723.65,89.58
ITEM001173,ORD000464,PROD00024,2,489.71,17.71
ITEM001174,ORD000465,PROD00158,4,1558.86,86.37
ITEM001175,ORD000466,PROD00014,6,1740.97,61.75
ITEM001176,ORD000467,PROD00472,6,1573.33,10.58
ITEM001177,ORD000467,PROD00125,3,403.05,74.61
ITEM001178,ORD000468,PROD00191,2,12.66,79.16
ITEM001179,ORD000469,PROD00216,2,776.87,62.55
ITEM001180,ORD000469,PROD00198,4,1417.93,49.53
ITEM001181,ORD000470,PROD00481,10,1730.69,6.13
ITEM001182,ORD000470,PROD00190,2,355.82,19.77
ITEM001183,ORD000471,PROD00194,2,380.46,84.86
ITEM001184,ORD000471,PROD00234,10,596.96,41.23
ITEM001185,ORD000472,PROD00224,6,1472.21,53.06
ITEM001186,ORD000472,PROD00258,3,133.98,6.28
ITEM001187,ORD000472,PROD00353,1,1241.59,81.77
ITEM001188,ORD000473,PROD00457,-1,640.2,77.14
ITEM001189,ORD000474,PROD00068,6,904.32,74.22
ITEM001190,ORD000474,PROD00492,5,1528.01,31.35
ITEM001191,ORD000474,PROD00195,3,90.19,35.29
ITEM001192,ORD000475,PROD00473,7,929.93,89.91
ITEM001193,ORD000475,PROD00464,7,842.1,2.45
ITEM001194,ORD000475,PROD00143,7,1979.58,63.22
ITEM001195,ORD000475,PROD00410,7,1583.79,66.18
ITEM001196,ORD000476,PROD00155,3,437.9,1.64
ITEM001197,ORD000476,PROD00484,6,399.52,49.73
ITEM001198,ORD000477,PROD00311,9,558.95,18.99
ITEM001199,ORD000477,PROD00512,3,977.25,66.58
ITEM001200,ORD000478,PROD00109,6,1413.52,60.78
ITEM001201,ORD000478,PROD00145,8,1608.23,41.63
ITEM001202,ORD000478,PROD00014,3,680.47,31.06
ITEM001203,ORD000479,PROD00125,9,567.38,72.48
ITEM001204,ORD000479,PROD00132,8,130.93,44.71
ITEM001205,ORD000479,PROD00428,6,1378.12,91.01
ITEM001206,ORD000479,PROD00321,8,1574.68,55.5
ITEM001207,ORD000480,PROD00200,6,1564.28,57.23
ITEM001208,ORD000480,PROD00235,10,477.85,81.97
ITEM001209,ORD000480,PROD00501,1,630.35,88.07
ITEM001210,ORD000481,PROD00152,2,1060.82,46.27
ITEM001211,ORD000481,PROD00273,7,1555.98,79.13
ITEM001212,ORD000481,PROD00283,6,1696.31,5.9
ITEM001213,ORD000481,PROD00253,1,657.79,82.48
ITEM001214,ORD000482,PROD00150,6,971.97,31.42
ITEM001215,ORD000482,PROD00205,4,1915.66,59.76
ITEM001216,ORD000482,PROD00124,1,1472.31,19.49
ITEM001217,ORD000482,PROD00517,7,848.87,81.86
ITEM001218,ORD000483,PROD00306,3,595.73,2.88
ITEM001219,ORD000484,PROD00081,3,896.14,38.2
ITEM001220,ORD000484,PROD00161,6,219.95,27.36
ITEM001221,ORD000484,PROD00283,10,909.4,16.29
ITEM001222,ORD000484,PROD00132,1,252.21,86.77
ITEM001223,ORD000485,PROD00378,7,1102.5,62.89
ITEM001224,ORD000485,PROD00332,6,1228.1,76.05
ITEM001225,ORD000485,PROD00290,10,83.57,51.17
ITEM001226,ORD000485,PROD00136,2,284.12,10.23
ITEM001227,ORD000486,PROD00241,6,1944.78,33.82
ITEM001228,ORD000486,PROD00423,2,987.45,54.51
ITEM001229,ORD000487,PROD00406,9,1646.58,81.44
ITEM001230,ORD000487,PROD00460,5,458.66,5.65
ITEM001231,ORD000487,PROD00025,4,959.99,4.22
ITEM001232,ORD000487,PROD00239,3,1003.66,32.3
ITEM001233,ORD000488,PROD00020,5,986.99,66.96
ITEM001234,ORD000488,PROD00425,1,404.25,3.6
ITEM001235,ORD000488,PROD00236,1,702.02,8.06
ITEM001236,ORD000488,PROD00377,3,797.38,15.23
ITEM001237,ORD000489,PROD00289,6,1024.2,15.99
ITEM001238,ORD000490,PROD00263,6,1796.37,39.26
ITEM001239,ORD000490,PROD00293,8,1208.72,65.14
ITEM001240,ORD000491,PROD00210,1,777.97,10.67
ITEM001241,ORD000491,PROD00211,10,1472.73,29.86
ITEM001242,ORD000491,PROD00220,5,725.07,5.44
ITEM001243,ORD000491,PROD00236,5,437.53,2.38
ITEM001244,ORD000492,PROD00222,6,416.67,94.68
ITEM001245,ORD000493,PROD00336,7,1205.62,16.53
ITEM001246,ORD000493,PROD00504,10,574.26,98.68
ITEM001247,ORD000493,PROD00255,2,1769.4,85.27
ITEM001248,ORD000493,PROD00052,5,1860.67,30.34
ITEM001249,ORD000494,PROD00164,6,434.54,19.08
ITEM001250,ORD000494,PROD00434,6,156.82,41.75
ITEM001251,ORD000494,PROD00023,1,1797.55,30.21
ITEM001252,ORD000494,PROD00270,4,245.05,63.67
ITEM001253,ORD000495,PROD00488,2,176.76,23.48
ITEM001254,ORD000496,PROD00277,-5,962.05,73.14
ITEM001255,ORD000496,PROD00157,7,1357.65,2.99
ITEM001256,ORD000496,PROD00510,8,827.79,97.29
ITEM001257,ORD000497,PROD00065,5,1421.25,71.89
ITEM001258,ORD000498,PROD00274,-3,1926.56,18.81
ITEM001259,ORD000498,PROD00459,1,1747.67,83.54
ITEM001260,ORD000499,PROD00501,1,576.6,8.84
ITEM001261,ORD000499,PROD00377,8,1091.46,37.33
ITEM001262,ORD000499,PROD00381,9,295.66,73.52
ITEM001263,ORD000499,PROD00356,10,806.55,46.75
ITEM001264,ORD000500,PROD00300,8,1353.04,40.78
ITEM001265,ORD000500,PROD00443,5,1770.12,33.28
ITEM001266,ORD000500,PROD00368,8,1508.64,86.18
ITEM001267,ORD000501,PROD00044,3,1199.59,54.02
ITEM001268,ORD000501,PROD00164,10,283.34,81.63
ITEM001269,ORD000502,PROD00406,7,1762.04,99.05
ITEM001270,ORD000502,PROD00043,10,13.06,93.45
ITEM001271,ORD000503,PROD00233,6,980.91,32.55
ITEM001272,ORD000503,PROD00383,7,1048.63,81.94
ITEM001273,ORD000504,PROD00360,2,455.5,64.39
ITEM001274,ORD000504,PROD00160,4,1433.82,89.32
ITEM001275,ORD000505,PROD00508,2,1391.4,30.66
ITEM001276,ORD000506,PROD00311,9,1278.31,95.16
ITEM001277,ORD000506,PROD00196,-1,595.09,20.71
ITEM001278,ORD000506,PROD00074,8,1902.27,42.19
ITEM001279,ORD000506,PROD00367,1,1397.15,30.02
ITEM001280,ORD000507,PROD00384,7,1240.42,91.96
ITEM001281,ORD000507,PROD00043,1,1002.49,35.15
ITEM001282,ORD000507,PROD00262,7,1507.07,76.98
ITEM001283,ORD000507,PROD00433,10,1761.87,94.91
ITEM001284,ORD000508,PROD00028,8,1519.3,8.68
ITEM001285,ORD000508,PROD00259,2,494.55,83.06
ITEM001286,ORD000508,PROD00097,6,486.55,98.4
ITEM001287,ORD000508,PROD00036,9,1555.44,85.46
ITEM001288,ORD000509,PROD00421,3,1188.89,67.52
ITEM001289,ORD000509,PROD00029,8,142.85,18.12
ITEM001290,ORD000510,PROD00398,9,1309.14,4.87
ITEM001291,ORD000510,PROD00121,8,351.97,45.17
ITEM001292,ORD000510,PROD00167,10,666.17,10.97
ITEM001293,ORD000511,PROD00079,8,501.84,38.73
ITEM001294,ORD000511,PROD00181,1,608.04,22.34
ITEM001295,ORD000512,PROD00235,2,207.57,13.92
ITEM001296,ORD000512,PROD00025,6,1589.7,43.0
ITEM001297,ORD000512,PROD00538,6,1271.49,10.63
ITEM001298,ORD000512,PROD00486,7,1116.78,42.23
ITEM001299,ORD000513,PROD00090,6,951.88,50.71
ITEM001300,ORD000514,PROD00141,3,177.32,18.68
ITEM001301,ORD000514,PROD00202,9,749.77,26.3
ITEM001302,ORD000515,PROD00190,2,1121.53,23.22
ITEM001303,ORD000516,PROD00308,7,27.33,6.0
ITEM001304,ORD000516,PROD00013,5,1173.22,0.89
ITEM001305,ORD000517,PROD00328,8,1603.44,18.87
ITEM001306,ORD000517,PROD00487,4,202.6,38.79
ITEM001307,ORD000518,PROD00150,9,295.08,76.05
ITEM001308,ORD000519,PROD00526,2,1134.48,24.71
ITEM001309,ORD000519,PROD00424,6,1875.53,82.8
ITEM001310,ORD000519,PROD00417,7,90.6,32.05
ITEM001311,ORD000519,PROD00405,-3,784.6,60.64
ITEM001312,ORD000520,PROD00131,9,1778.04,64.6
ITEM001313,ORD000520,PROD00162,9,578.82,77.31
ITEM001314,ORD000521,PROD00032,9,174.26,89.17
ITEM001315,ORD000521,PROD00150,1,742.19,39.33
ITEM001316,ORD000521,PROD00476,6,610.48,53.53
ITEM001317,ORD000521,PROD00335,8,1025.32,38.61
ITEM001318,ORD000522,PROD00481,8,1950.58,53.27
ITEM001319,ORD000522,PROD00065,5,1868.65,87.48
ITEM001320,ORD000523,PROD00321,6,1814.9,56.6
ITEM001321,ORD000523,PROD00357,4,1652.34,51.77
ITEM001322,ORD000524,PROD00286,7,1341.02,18.84
ITEM001323,ORD000524,PROD00143,5,383.98,68.6
ITEM001324,ORD000524,PROD00329,8,1165.59,17.34
ITEM001325,ORD000524,PROD00299,4,1198.27,63.34
ITEM001326,ORD000525,PROD00188,8,753.12,39.16
ITEM001327,ORD000525,PROD00278,8,1077.13,14.63
ITEM001328,ORD000525,PROD00074,7,1627.16,98.39
ITEM001329,ORD000526,PROD00069,5,1855.97,45.48
ITEM001330,ORD000527,PROD00524,4,535.07,98.16
ITEM001331,ORD000527,PROD00502,8,877.16,31.31
ITEM001332,ORD000527,PROD00144,6,1521.45,99.42
ITEM001333,ORD000528,PROD00072,9,1072.77,12.74
ITEM001334,ORD000529,PROD00434,10,124.46,11.14
ITEM001335,ORD000530,PROD00292,4,444.77,60.37
ITEM001336,ORD000530,PROD00274,6,1682.33,15.17
ITEM001337,ORD000530,PROD00325,3,1612.39,82.51
ITEM001338,ORD000531,PROD00018,2,1144.62,61.41
ITEM001339,ORD000531,PROD00277,2,195.89,84.54
ITEM001340,ORD000532,PROD00248,3,1784.31,91.76
ITEM001341,ORD000532,PROD00287,4,1343.97,43.52
ITEM001342,ORD000533,PROD00457,2,1695.33,40.85
ITEM001343,ORD000533,PROD00455,7,1701.92,75.07
ITEM001344,ORD000533,PROD00024,5,414.23,67.33
ITEM001345,ORD000533,PROD00448,9,687.87,2.07
ITEM001346,ORD000534,PROD00453,6,293.31,7.74
ITEM001347,ORD000534,PROD00387,7,418.23,31.42
ITEM001348,ORD000534,PROD00415,5,1797.41,37.94
ITEM001349,ORD000534,PROD00481,10,491.93,69.76
ITEM001350,ORD000535,PROD00023,6,722.24,2.05
ITEM001351,ORD000535,PROD00447,7,183.47,25.49
ITEM001352,ORD000535,PROD00235,5,959.67,16.85
ITEM001353,ORD000535,PROD00530,4,1692.58,97.92
ITEM001354,ORD000536,PROD00050,2,1415.67,15.88
ITEM001355,ORD000536,PROD00052,9,1864.36,45.31
ITEM001356,ORD000536,PROD00301,7,560.63,91.6
ITEM001357,ORD000537,PROD00420,9,138.22,87.18
ITEM001358,ORD000537,PROD00054,3,580.04,47.02
ITEM001359,ORD000538,PROD00172,4,1207.26,7.7
ITEM001360,ORD000538,PROD00104,3,1070.24,77.91
ITEM001361,ORD000538,PROD00378,3,1069.65,18.68
ITEM001362,ORD000538,PROD00009,3,1533.87,51.32
ITEM001363,ORD000539,PROD00513,1,790.64,16.7
ITEM001364,ORD000540,PROD00160,4,1724.07,83.43
ITEM001365,ORD000540,PROD00286,8,354.41,10.99
ITEM001366,ORD000540,PROD00255,10,1510.25,6.71
ITEM001367,ORD000540,PROD00387,5,924.24,79.88
ITEM001368,ORD000541,PROD00414,8,1924.4,94.33
ITEM001369,ORD000541,PROD00363,10,1438.12,74.93
ITEM001370,ORD000541,PROD00258,7,337.96,85.79
ITEM001371,ORD000541,PROD00130,4,151.47,99.47
ITEM001372,ORD000542,PROD00119,7,768.23,29.95
ITEM001373,ORD000542,PROD00025,4,1501.87,21.56
ITEM001374,ORD000542,PROD00151,10,1582.1,74.92
ITEM001375,ORD000543,PROD00406,1,1801.5,90.37
ITEM001376,ORD000543,PROD00259,8,1427.22,37.16
ITEM001377,ORD000543,PROD00210,7,1919.44,24.54
ITEM001378,ORD000544,PROD00104,1,704.36,90.94
ITEM001379,ORD000544,PROD00444,5,712.77,51.26
ITEM001380,ORD000545,PROD00042,8,140.17,33.15
ITEM001381,ORD000545,PROD00318,3,27.06,10.13
ITEM001382,ORD000545,PROD00277,9,441.29,52.11
ITEM001383,ORD000545,PROD00025,6,1598.03,46.03
ITEM001384,ORD000546,PROD00292,9,1173.31,88.35
ITEM001385,ORD000546,PROD00500,9,77.13,77.93
ITEM001386,ORD000546,PROD00519,3,1866.23,37.79
ITEM001387,ORD000547,PROD00274,4,190.91,38.39
ITEM001388,ORD000547,PROD00404,1,609.31,95.36
ITEM001389,ORD000547,PROD00200,4,838.09,82.59
ITEM001390,ORD000547,PROD00156,10,514.02,91.61
ITEM001391,ORD000548,PROD00068,1,534.69,48.27
ITEM001392,ORD000549,PROD00225,3,1850.02,49.35
ITEM001393,ORD000550,PROD00471,6,1235.51,97.95
ITEM001394,ORD000551,PROD00265,9,1778.89,81.44
ITEM001395,ORD000551,PROD00339,6,1055.78,66.78
ITEM001396,ORD000551,PROD00533,10,1557.7,24.53
ITEM001397,ORD000551,PROD00023,5,659.67,50.88
ITEM001398,ORD000552,PROD00415,10,604.18,86.31
ITEM001399,ORD000552,PROD00110,9,451.13,78.35
ITEM001400,ORD000552,PROD00255,3,1852.47,69.74
ITEM001401,ORD000552,PROD00518,7,841.49,33.12
ITEM001402,ORD000553,PROD00249,8,1897.24,66.29
ITEM001403,ORD000554,PROD00059,7,312.32,47.32
ITEM001404,ORD000554,PROD00032,6,240.86,23.57
ITEM001405,ORD000554,PROD00504,7,1178.9,40.53
ITEM001406,ORD000555,PROD00294,3,675.54,59.8
ITEM001407,ORD000555,PROD00386,2,168.78,79.62
ITEM001408,ORD000556,PROD00154,8,1793.68,93.44
ITEM001409,ORD000557,PROD00053,-2,70.21,29.14
ITEM001410,ORD000557,PROD00376,6,1333.79,8.75
ITEM001411,ORD000558,PROD00318,1,1992.65,8.23
ITEM001412,ORD000558,PROD00041,4,1580.14,89.71
ITEM001413,ORD000559,PROD00111,5,1232.79,52.61
ITEM001414,ORD000559,PROD00292,8,1214.3,26.0
ITEM001415,ORD000559,PROD00528,10,451.46,28.37
ITEM001416,ORD000559,PROD00403,3,1391.34,81.03
ITEM001417,ORD000560,PROD00522,7,838.85,93.05
ITEM001418,ORD000560,PROD00317,4,485.16,14.87
ITEM001419,ORD000560,PROD00159,1,1177.43,11.77
ITEM001420,ORD000561,PROD00460,2,568.54,33.27
ITEM001421,ORD000562,PROD00245,7,822.71,92.99
ITEM001422,ORD000562,PROD00310,4,1791.7,65.62
ITEM001423,ORD000562,PROD00373,4,693.45,4.89
ITEM001424,ORD000563,PROD00399,8,929.69,96.66
ITEM001425,ORD000563,PROD00332,6,1491.84,70.74
ITEM001426,ORD000563,PROD00323,10,1736.93,18.4
ITEM001427,ORD000564,PROD00257,8,1751.66,33.46
ITEM001428,ORD000564,PROD00044,4,1028.0,49.54
ITEM001429,ORD000565,PROD00208,7,81.71,0.92
ITEM001430,ORD000565,PROD00370,10,749.18,0.27
ITEM001431,ORD000565,PROD00495,9,407.42,14.78
ITEM001432,ORD000566,PROD00401,10,1226.87,61.22
ITEM001433,ORD000566,PROD00446,1,912.63,71.91
ITEM001434,ORD000566,PROD00298,8,93.8,33.26
ITEM001435,ORD000567,PROD00065,7,1858.45,91.41
ITEM001436,ORD000567,PROD00237,10,449.68,26.47
ITEM001437,ORD000567,PROD00040,10,512.01,26.54
ITEM001438,ORD000567,PROD00235,8,481.77,0.23
ITEM001439,ORD000568,PROD00078,5,1072.84,89.95
ITEM001440,ORD000569,PROD00017,5,1538.96,66.33
ITEM001441,ORD000569,PROD00509,4,1070.51,55.24
ITEM001442,ORD000569,PROD00119,7,1123.71,32.86
ITEM001443,ORD000569,PROD00206,-4,163.96,64.68
ITEM001444,ORD000570,PROD00022,5,342.2,29.23
ITEM001445,ORD000570,PROD00264,7,412.17,16.39
ITEM001446,ORD000570,PROD00100,5,622.44,54.23
ITEM001447,ORD000570,PROD00071,3,1747.08,85.3
ITEM001448,ORD000571,PROD00246,5,1930.46,11.34
ITEM001449,ORD000572,PROD00346,9,933.27,12.21
ITEM001450,ORD000572,PROD00285,6,1579.06,35.32
ITEM001451,ORD000572,PROD00398,9,1890.16,72.53
ITEM001452,ORD000572,PROD00089,3,295.9,16.03
ITEM001453,ORD000573,PROD00491,6,64.43,85.35
ITEM001454,ORD000573,PROD00443,9,1552.85,40.25
ITEM001455,ORD000574,PROD00195,8,1548.06,74.77
ITEM001456,ORD000574,PROD00069,4,1669.85,93.38
ITEM001457,ORD000575,PROD00469,6,402.23,4.2
ITEM001458,ORD000575,PROD00464,10,714.07,98.77
ITEM001459,ORD000575,PROD00382,7,1500.72,0.74
ITEM001460,ORD000575,PROD00323,2,272.49,9.6
ITEM001461,ORD000576,PROD00140,9,1992.29,72.59
ITEM001462,ORD000577,PROD00123,1,1573.36,63.81
ITEM001463,ORD000577,PROD00252,7,590.44,85.87
ITEM001464,ORD000577,PROD00057,3,1393.33,81.57
ITEM001465,ORD000578,PROD00288,7,1962.71,97.51
ITEM001466,ORD000578,PROD00373,5,1478.56,40.69
ITEM001467,ORD000579,PROD00292,2,1739.66,93.14
ITEM001468,ORD000580,PROD00372,5,1537.16,31.83
ITEM001469,ORD000581,PROD00188,10,1601.74,23.15
ITEM001470,ORD000582,PROD00319,9,1510.91,91.3
ITEM001471,ORD000582,PROD00082,9,1870.74,87.03
ITEM001472,ORD000582,PROD00305,5,205.37,40.36
ITEM001473,ORD000583,PROD00320,7,190.47,33.33
ITEM001474,ORD000584,PROD00141,10,13.0,89.14
ITEM001475,ORD000585,PROD00481,7,1086.22,26.43
ITEM001476,ORD000586,PROD00084,3,1298.73,56.9
ITEM001477,ORD000586,PROD00107,1,943.28,72.87
ITEM001478,ORD000587,PROD00174,9,480.98,40.79
ITEM001479,ORD000587,PROD00536,10,1590.35,77.63
ITEM001480,ORD000588,PROD00505,1,862.3,61.33
ITEM001481,ORD000588,PROD00398,9,588.95,13.62
ITEM001482,ORD000589,PROD00295,10,1713.0,12.46
ITEM001483,ORD000589,PROD00431,10,997.87,97.78
ITEM001484,ORD000589,PROD00416,5,1384.14,57.66
ITEM001485,ORD000589,PROD00123,4,269.23,4.02
ITEM001486,ORD000590,PROD00048,7,270.26,21.81
ITEM001487,ORD000590,PROD00116,4,1435.89,83.0
ITEM001488,ORD000591,PROD00424,4,896.91,14.7
ITEM001489,ORD000592,PROD00378,7,760.56,51.89
ITEM001490,ORD000593,PROD00455,3,417.53,35.32
ITEM001491,ORD000593,PROD00249,5,877.71,25.21
ITEM001492,ORD000593,PROD00444,1,1563.88,83.37
ITEM001493,ORD000594,PROD00537,7,225.28,28.72
ITEM001494,ORD000594,PROD00291,7,1539.26,47.32
ITEM001495,ORD000594,PROD00067,6,609.88,22.43
ITEM001496,ORD000594,PROD00206,5,1679.74,96.35
ITEM001497,ORD000595,PROD00165,8,1810.09,1.71
ITEM001498,ORD000595,PROD00241,7,441.65,94.85
ITEM001499,ORD000595,PROD00522,3,224.1,72.12
ITEM001500,ORD000596,PROD00102,9,1599.93,74.64
ITEM001501,ORD000596,PROD00021,2,486.25,28.28
ITEM001502,ORD000596,PROD00251,9,1712.42,57.44
ITEM001503,ORD000597,PROD00509,1,302.45,1.96
ITEM001504,ORD000597,PROD00430,1,964.63,18.74
ITEM001505,ORD000598,PROD00436,5,1174.45,62.88
ITEM001506,ORD000598,PROD00366,8,1251.12,89.03
ITEM001507,ORD000598,PROD00333,6,716.98,75.89
ITEM001508,ORD000599,PROD00505,9,37.78,7.63
ITEM001509,ORD000599,PROD00141,1,413.89,41.24
ITEM001510,ORD000599,PROD00075,9,885.36,13.57
ITEM001511,ORD000600,PROD00224,1,516.63,91.82
ITEM001512,ORD000600,PROD00419,5,1287.82,88.98
